band,n_sample,n_valid,valid_fraction,min,p01,p05,p50,mean,p95,p99,max,std
NDVI_VI0,79191,35199,0.4444823275372201,-0.11201298981904984,0.07294776737689972,0.10836215540766717,0.2395128607749939,0.24842458898739658,0.3975000530481336,0.6204847753047847,0.9379844665527344,0.10093564830376922
NDVI_doy0,79191,35199,0.4444823275372201,2.0,2.0,2.0,37.0,46.48953095258388,134.0,187.0,312.0,40.400412871598775
NDVI_max,79191,36328,0.4587389981184731,0.0031635635532438755,0.14145211055874823,0.21550359874963762,0.41176262497901917,0.4572043951441049,0.9055984258651734,0.9397534680366516,1.0,0.19730604377937846
NDVI_doyMax,79191,36328,0.4587389981184731,2.0,14.0,49.0,114.0,120.6496916978639,222.0,284.0,362.0,49.482949951549166
NDVI_deltaRise,79191,35199,0.4444823275372201,-0.4667700529098511,-0.007016211748123169,0.014549422264099124,0.14736934006214142,0.21323578086286873,0.7335422992706299,0.8068026316165924,0.8895862698554993,0.20528174222546394
NDVI_sRise,79191,35199,0.4444823275372201,-0.011547486297786236,-0.00017132920125732196,0.00036914193769916893,0.002071170601993799,0.0028374487937799495,0.00917513333261013,0.014216268826276027,0.11584597080945969,0.0029535605494788466
OSAVI_VI0,79191,35881,0.45309441729489464,-0.07582162320613861,0.06224933862686157,0.09090568870306015,0.18177972733974457,0.19090134785565074,0.3084268867969513,0.46816741228103637,0.8583779335021973,0.0783066365429788
OSAVI_doy0,79191,35881,0.45309441729489464,2.0,2.0,2.0,37.0,41.96605445779103,129.0,177.0,332.0,38.65438455356601
OSAVI_max,79191,36328,0.4587389981184731,0.002743837656453252,0.1192108603566885,0.17551088705658913,0.32445891201496124,0.37752889416452196,0.8208792358636857,0.8755199491977692,0.922250509262085,0.18608832939462425
OSAVI_doyMax,79191,36328,0.4587389981184731,2.0,37.0,64.0,114.0,123.00344087205461,222.0,279.0,362.0,45.71594955074714
OSAVI_deltaRise,79191,35881,0.45309441729489464,-0.43254733085632324,-1.8066167831420283e-05,0.01728770136833191,0.12545815110206604,0.18831460718317142,0.6636669635772705,0.7497542858123775,0.8499252200126648,0.18716050431450773
OSAVI_sRise,79191,35881,0.45309441729489464,-0.007851270027458668,-6.579028195119362e-07,0.00035157272941432893,0.0016427877126261592,0.002342668617706114,0.007783550303429365,0.01230028420686721,0.10732309520244598,0.0025058636621310163
CVI_VI0,79191,32186,0.40643507469283124,0.5180315971374512,1.5713736951351165,1.834978610277176,2.410865902900696,2.4950682727240023,3.426622748374939,4.434843945503241,24.65217399597168,0.5538304827538303
CVI_doy0,79191,32186,0.40643507469283124,2.0,2.0,4.0,64.0,87.67697135400485,232.0,254.45000000000437,347.0,76.32370627492668
CVI_max,79191,36328,0.4587389981184731,1.2115809917449951,1.898221082687378,2.204885733127594,3.108062505722046,12.662185668987972,5.4956543445587185,7.350048956871047,329103.75,1726.7413271083603
CVI_doyMax,79191,36328,0.4587389981184731,2.0,2.0,7.0,134.0,162.37221977537988,329.0,329.0,362.0,103.15327661388632
CVI_deltaRise,79191,32186,0.40643507469283124,-2.1097044944763184,-0.17969027757644654,0.0,0.5746724605560303,0.8419077000905096,2.5848188400268555,4.031683707237246,124.27555847167969,1.1334032753648133
CVI_sRise,79191,32186,0.40643507469283124,-0.16669170558452606,-0.006004264228977262,0.0,0.00750486203469336,0.01289572721592221,0.036316453479230404,0.0685719009488821,24.855112075805664,0.1505851144965395
NDRE_VI0,79191,33945,0.42864719475697993,-0.8348624110221863,-0.05217742756009102,0.0049141229130327735,0.05420784652233124,0.05220235384737007,0.09582139253616333,0.12216932475566863,0.30323028564453125,0.03293721930765741
NDRE_doy0,79191,33945,0.42864719475697993,2.0,2.0,4.0,129.0,118.01629105906613,239.0,299.0,342.0,80.77961219063972
NDRE_max,79191,36328,0.4587389981184731,-0.4560000002384186,0.01196187206543982,0.041321140713989735,0.08277405053377151,0.09150087094784816,0.18894384726881985,0.2528209948539735,0.3411880135536194,0.04427164854177003
NDRE_doyMax,79191,36328,0.4587389981184731,2.0,2.0,37.0,214.0,209.05409050869852,329.0,362.0,364.0,105.64115897442663
NDRE_deltaRise,79191,33945,0.42864719475697993,-0.13867409527301788,-0.013668775707483292,-0.0024515740573406216,0.02652381733059883,0.03909616218229752,0.14655899107456208,0.20755752027034724,0.8581375479698181,0.04515802407531435
NDRE_sRise,79191,33945,0.42864719475697993,-0.015272105112671852,-0.0006321610347367824,-5.8788936439668756e-05,0.00027024513110518456,0.0005122166673552501,0.0020705275237560272,0.0034841338824480616,0.03916638717055321,0.0010228535640356387
NIRv_VI0,79191,36150,0.4564912679471152,-0.009332139045000076,0.014441703809425235,0.02185964547097683,0.045297013595700264,0.051445393802884806,0.09454988986253735,0.16538284003734596,0.5487785935401917,0.03232562558456841
NIRv_doy0,79191,36150,0.4564912679471152,2.0,2.0,4.0,14.0,37.13964038727524,117.0,172.0,302.0,36.31728554472815
NIRv_max,79191,36328,0.4587389981184731,0.000756184512283653,0.03306616634130478,0.049669298157095906,0.10097187757492065,0.15140591166173017,0.4969884514808655,0.622682672739029,0.7192132472991943,0.13700318717235482
NIRv_doyMax,79191,36328,0.4587389981184731,2.0,49.0,74.0,114.0,125.38744219334949,224.0,279.0,339.0,44.84137255328813
NIRv_deltaRise,79191,36150,0.4564912679471152,-0.2792101502418518,6.0343146324157924e-05,0.00861673355102539,0.05017045512795448,0.1002720327283556,0.4421562790870666,0.5644198334217072,0.6954519152641296,0.13272954185227895
NIRv_sRise,79191,36150,0.4564912679471152,-0.018614010885357857,1.0450685556406834e-06,0.0001330761158897076,0.0006308495067059994,0.0011287887681783915,0.004390144138596952,0.007901029186323304,0.030649060383439064,0.00155682871532749
