<metadata xml:lang="en"><Esri><CreaDate>20250911</CreaDate><CreaTime>09482600</CreaTime><ArcGISFormat>1.0</ArcGISFormat><SyncOnce>FALSE</SyncOnce><DataProperties><itemProps><itemName Sync="TRUE">NCA_Boundary</itemName><imsContentType Sync="TRUE">002</imsContentType><itemLocation><linkage Sync="TRUE">file://\\cifs-prd-01\Departments\Geo\StudentClasses\GeoStudentHome\SCOTTFORDHAM\RemoteSensing_561\Final Project\temp\NCA_Boundary.shp</linkage><protocol Sync="TRUE">Local Area Network</protocol></itemLocation><itemSize Sync="TRUE">0.000</itemSize></itemProps><coordRef><type Sync="TRUE">Projected</type><geogcsn Sync="TRUE">GCS_WGS_1984</geogcsn><csUnits Sync="TRUE">Linear Unit: Meter (1.000000)</csUnits><projcsn Sync="TRUE">WGS_1984_UTM_Zone_11N</projcsn><peXml Sync="TRUE">&lt;ProjectedCoordinateSystem xsi:type='typens:ProjectedCoordinateSystem' xmlns:xsi='http://www.w3.org/2001/XMLSchema-instance' xmlns:xs='http://www.w3.org/2001/XMLSchema' xmlns:typens='http://www.esri.com/schemas/ArcGIS/3.5.0'&gt;&lt;WKT&gt;PROJCS[&amp;quot;WGS_1984_UTM_Zone_11N&amp;quot;,GEOGCS[&amp;quot;GCS_WGS_1984&amp;quot;,DATUM[&amp;quot;D_WGS_1984&amp;quot;,SPHEROID[&amp;quot;WGS_1984&amp;quot;,6378137.0,298.257223563]],PRIMEM[&amp;quot;Greenwich&amp;quot;,0.0],UNIT[&amp;quot;Degree&amp;quot;,0.0174532925199433]],PROJECTION[&amp;quot;Transverse_Mercator&amp;quot;],PARAMETER[&amp;quot;False_Easting&amp;quot;,500000.0],PARAMETER[&amp;quot;False_Northing&amp;quot;,0.0],PARAMETER[&amp;quot;Central_Meridian&amp;quot;,-117.0],PARAMETER[&amp;quot;Scale_Factor&amp;quot;,0.9996],PARAMETER[&amp;quot;Latitude_Of_Origin&amp;quot;,0.0],UNIT[&amp;quot;Meter&amp;quot;,1.0],AUTHORITY[&amp;quot;EPSG&amp;quot;,32611]]&lt;/WKT&gt;&lt;XOrigin&gt;-5120900&lt;/XOrigin&gt;&lt;YOrigin&gt;-9998100&lt;/YOrigin&gt;&lt;XYScale&gt;450445547.3910538&lt;/XYScale&gt;&lt;ZOrigin&gt;-100000&lt;/ZOrigin&gt;&lt;ZScale&gt;10000&lt;/ZScale&gt;&lt;MOrigin&gt;-100000&lt;/MOrigin&gt;&lt;MScale&gt;10000&lt;/MScale&gt;&lt;XYTolerance&gt;0.001&lt;/XYTolerance&gt;&lt;ZTolerance&gt;0.001&lt;/ZTolerance&gt;&lt;MTolerance&gt;0.001&lt;/MTolerance&gt;&lt;HighPrecision&gt;true&lt;/HighPrecision&gt;&lt;WKID&gt;32611&lt;/WKID&gt;&lt;LatestWKID&gt;32611&lt;/LatestWKID&gt;&lt;/ProjectedCoordinateSystem&gt;</peXml></coordRef><lineage><Process ToolSource="c:\program files\arcgis\pro\Resources\ArcToolbox\toolboxes\Analysis Tools.tbx\Buffer" Date="20250911" Time="094832">Buffer "Boundaries\Morley Nelson Birds of Prey NCA" H:\NCA\NCA_PrelimMap\NCA_PrelimMap.gdb\NCA_Buffer "5 Kilometers" FULL ROUND NONE # PLANAR</Process><Process ToolSource="c:\program files\arcgis\pro\Resources\ArcToolbox\toolboxes\Conversion Tools.tbx\ExportFeatures" Date="20250915" Time="115610">ExportFeatures H:\NCA\NCA_PrelimMap\NCA_PrelimMap.gdb\NCA_Buffer H:\NCA\NCA_PrelimMap.shp # NOT_USE_ALIAS "AREA "AREA" true true false 8 Double 0 0,First,#,H:\NCA\NCA_PrelimMap\NCA_PrelimMap.gdb\NCA_Buffer,AREA,-1,-1;PERIMETER "PERIMETER" true true false 8 Double 0 0,First,#,H:\NCA\NCA_PrelimMap\NCA_PrelimMap.gdb\NCA_Buffer,PERIMETER,-1,-1;SRBOPNCA_ "SRBOPNCA_" true true false 8 Double 0 0,First,#,H:\NCA\NCA_PrelimMap\NCA_PrelimMap.gdb\NCA_Buffer,SRBOPNCA_,-1,-1;SRBOPNCA_I "SRBOPNCA_I" true true false 8 Double 0 0,First,#,H:\NCA\NCA_PrelimMap\NCA_PrelimMap.gdb\NCA_Buffer,SRBOPNCA_I,-1,-1;DATA "DATA" true true false 6 Text 0 0,First,#,H:\NCA\NCA_PrelimMap\NCA_PrelimMap.gdb\NCA_Buffer,DATA,0,5;HECTARE "HECTARE" true true false 8 Double 0 0,First,#,H:\NCA\NCA_PrelimMap\NCA_PrelimMap.gdb\NCA_Buffer,HECTARE,-1,-1;ACRES "ACRES" true true false 8 Double 0 0,First,#,H:\NCA\NCA_PrelimMap\NCA_PrelimMap.gdb\NCA_Buffer,ACRES,-1,-1;BUFF_DIST "BUFF_DIST" true true false 8 Double 0 0,First,#,H:\NCA\NCA_PrelimMap\NCA_PrelimMap.gdb\NCA_Buffer,BUFF_DIST,-1,-1;ORIG_FID "ORIG_FID" true true false 4 Long 0 0,First,#,H:\NCA\NCA_PrelimMap\NCA_PrelimMap.gdb\NCA_Buffer,ORIG_FID,-1,-1;Shape_Length "Shape_Length" false true true 8 Double 0 0,First,#,H:\NCA\NCA_PrelimMap\NCA_PrelimMap.gdb\NCA_Buffer,Shape_Length,-1,-1;Shape_Area "Shape_Area" false true true 8 Double 0 0,First,#,H:\NCA\NCA_PrelimMap\NCA_PrelimMap.gdb\NCA_Buffer,Shape_Area,-1,-1" #</Process><Process ToolSource="c:\program files\arcgis\pro\Resources\ArcToolbox\toolboxes\Conversion Tools.tbx\ExportFeatures" Date="20251009" Time="113015">ExportFeatures NCA_PrelimMap "H:\RemoteSensing_561\Final Project\ArcPro\561_S2TimeSeriesProject\ProjectData.gdb\NCA_5kmBuffer_WGS84TM" # NOT_USE_ALIAS "AREA "AREA" true true false 19 Double 0 0,First,#,NCA_PrelimMap,AREA,-1,-1;PERIMETER "PERIMETER" true true false 19 Double 0 0,First,#,NCA_PrelimMap,PERIMETER,-1,-1;SRBOPNCA_ "SRBOPNCA_" true true false 19 Double 0 0,First,#,NCA_PrelimMap,SRBOPNCA_,-1,-1;SRBOPNCA_I "SRBOPNCA_I" true true false 19 Double 0 0,First,#,NCA_PrelimMap,SRBOPNCA_I,-1,-1;DATA "DATA" true true false 6 Text 0 0,First,#,NCA_PrelimMap,DATA,0,5;HECTARE "HECTARE" true true false 19 Double 0 0,First,#,NCA_PrelimMap,HECTARE,-1,-1;ACRES "ACRES" true true false 19 Double 0 0,First,#,NCA_PrelimMap,ACRES,-1,-1;BUFF_DIST "BUFF_DIST" true true false 19 Double 0 0,First,#,NCA_PrelimMap,BUFF_DIST,-1,-1;ORIG_FID "ORIG_FID" true true false 10 Long 0 10,First,#,NCA_PrelimMap,ORIG_FID,-1,-1;Shape_Leng "Shape_Leng" true true false 19 Double 0 0,First,#,NCA_PrelimMap,Shape_Leng,-1,-1;Shape_Area "Shape_Area" true true false 19 Double 0 0,First,#,NCA_PrelimMap,Shape_Area,-1,-1" #</Process><Process ToolSource="c:\program files\arcgis\pro\Resources\ArcToolbox\toolboxes\Conversion Tools.tbx\ExportFeatures" Date="20251009" Time="130547">ExportFeatures NCA_5kmBuffer_WGS84TM "H:\RemoteSensing_561\Final Project\temp\NCA_Boundary.shp" # NOT_USE_ALIAS "AREA "AREA" true true false 8 Double 0 0,First,#,NCA_5kmBuffer_WGS84TM,AREA,-1,-1;PERIMETER "PERIMETER" true true false 8 Double 0 0,First,#,NCA_5kmBuffer_WGS84TM,PERIMETER,-1,-1;SRBOPNCA_ "SRBOPNCA_" true true false 8 Double 0 0,First,#,NCA_5kmBuffer_WGS84TM,SRBOPNCA_,-1,-1;SRBOPNCA_I "SRBOPNCA_I" true true false 8 Double 0 0,First,#,NCA_5kmBuffer_WGS84TM,SRBOPNCA_I,-1,-1;DATA "DATA" true true false 6 Text 0 0,First,#,NCA_5kmBuffer_WGS84TM,DATA,0,5;HECTARE "HECTARE" true true false 8 Double 0 0,First,#,NCA_5kmBuffer_WGS84TM,HECTARE,-1,-1;ACRES "ACRES" true true false 8 Double 0 0,First,#,NCA_5kmBuffer_WGS84TM,ACRES,-1,-1;BUFF_DIST "BUFF_DIST" true true false 8 Double 0 0,First,#,NCA_5kmBuffer_WGS84TM,BUFF_DIST,-1,-1;ORIG_FID "ORIG_FID" true true false 4 Long 0 0,First,#,NCA_5kmBuffer_WGS84TM,ORIG_FID,-1,-1;Shape_Leng "Shape_Leng" true true false 8 Double 0 0,First,#,NCA_5kmBuffer_WGS84TM,Shape_Leng,-1,-1;Shape_Length "Shape_Length" false true true 8 Double 0 0,First,#,NCA_5kmBuffer_WGS84TM,Shape_Length,-1,-1;Shape_Area "Shape_Area" false true true 8 Double 0 0,First,#,NCA_5kmBuffer_WGS84TM,Shape_Area,-1,-1" #</Process></lineage></DataProperties><SyncDate>20251009</SyncDate><SyncTime>13054600</SyncTime><ModDate>20251009</ModDate><ModTime>13054600</ModTime></Esri><dataIdInfo><envirDesc Sync="TRUE">Microsoft Windows 10 Version 10.0 (Build 19045) ; Esri ArcGIS 13.5.0.57366</envirDesc><dataLang><languageCode value="eng" Sync="TRUE"></languageCode><countryCode value="USA" Sync="TRUE"></countryCode></dataLang><idCitation><resTitle Sync="TRUE">NCA_Boundary</resTitle><presForm><PresFormCd value="005" Sync="TRUE"></PresFormCd></presForm></idCitation><spatRpType><SpatRepTypCd value="001" Sync="TRUE"></SpatRepTypCd></spatRpType></dataIdInfo><mdLang><languageCode value="eng" Sync="TRUE"></languageCode><countryCode value="USA" Sync="TRUE"></countryCode></mdLang><mdChar><CharSetCd value="004" Sync="TRUE"></CharSetCd></mdChar><distInfo><distFormat><formatName Sync="TRUE">Shapefile</formatName></distFormat><distTranOps><transSize Sync="TRUE">0.000</transSize></distTranOps></distInfo><mdHrLv><ScopeCd value="005" Sync="TRUE"></ScopeCd></mdHrLv><mdHrLvName Sync="TRUE">dataset</mdHrLvName><refSysInfo><RefSystem><refSysID><identCode code="32611" Sync="TRUE"></identCode><idCodeSpace Sync="TRUE">EPSG</idCodeSpace><idVersion Sync="TRUE">9.8.8(3.0.1)</idVersion></refSysID></RefSystem></refSysInfo><spatRepInfo><VectSpatRep><geometObjs Name="NCA_Boundary"><geoObjTyp><GeoObjTypCd value="002" Sync="TRUE"></GeoObjTypCd></geoObjTyp><geoObjCnt Sync="TRUE">0</geoObjCnt></geometObjs><topLvl><TopoLevCd value="001" Sync="TRUE"></TopoLevCd></topLvl></VectSpatRep></spatRepInfo><spdoinfo><ptvctinf><esriterm Name="NCA_Boundary"><efeatyp Sync="TRUE">Simple</efeatyp><efeageom code="4" Sync="TRUE"></efeageom><esritopo Sync="TRUE">FALSE</esritopo><efeacnt Sync="TRUE">0</efeacnt><spindex Sync="TRUE">FALSE</spindex><linrefer Sync="TRUE">FALSE</linrefer></esriterm></ptvctinf></spdoinfo><eainfo><detailed Name="NCA_Boundary"><enttyp><enttypl Sync="TRUE">NCA_Boundary</enttypl><enttypt Sync="TRUE">Feature Class</enttypt><enttypc Sync="TRUE">0</enttypc></enttyp><attr><attrlabl Sync="TRUE">FID</attrlabl><attalias Sync="TRUE">FID</attalias><attrtype Sync="TRUE">OID</attrtype><attwidth Sync="TRUE">4</attwidth><atprecis Sync="TRUE">0</atprecis><attscale Sync="TRUE">0</attscale><attrdef Sync="TRUE">Internal feature number.</attrdef><attrdefs Sync="TRUE">Esri</attrdefs><attrdomv><udom Sync="TRUE">Sequential unique whole numbers that are automatically generated.</udom></attrdomv></attr><attr><attrlabl Sync="TRUE">Shape</attrlabl><attalias Sync="TRUE">Shape</attalias><attrtype Sync="TRUE">Geometry</attrtype><attwidth Sync="TRUE">0</attwidth><atprecis Sync="TRUE">0</atprecis><attscale Sync="TRUE">0</attscale><attrdef Sync="TRUE">Feature geometry.</attrdef><attrdefs Sync="TRUE">Esri</attrdefs><attrdomv><udom Sync="TRUE">Coordinates defining the features.</udom></attrdomv></attr><attr><attrlabl Sync="TRUE">AREA</attrlabl><attalias Sync="TRUE">AREA</attalias><attrtype Sync="TRUE">Double</attrtype><attwidth Sync="TRUE">19</attwidth><atprecis Sync="TRUE">0</atprecis><attscale Sync="TRUE">0</attscale></attr><attr><attrlabl Sync="TRUE">PERIMETER</attrlabl><attalias Sync="TRUE">PERIMETER</attalias><attrtype Sync="TRUE">Double</attrtype><attwidth Sync="TRUE">19</attwidth><atprecis Sync="TRUE">0</atprecis><attscale Sync="TRUE">0</attscale></attr><attr><attrlabl Sync="TRUE">SRBOPNCA_</attrlabl><attalias Sync="TRUE">SRBOPNCA_</attalias><attrtype Sync="TRUE">Double</attrtype><attwidth Sync="TRUE">19</attwidth><atprecis Sync="TRUE">0</atprecis><attscale Sync="TRUE">0</attscale></attr><attr><attrlabl Sync="TRUE">SRBOPNCA_I</attrlabl><attalias Sync="TRUE">SRBOPNCA_I</attalias><attrtype Sync="TRUE">Double</attrtype><attwidth Sync="TRUE">19</attwidth><atprecis Sync="TRUE">0</atprecis><attscale Sync="TRUE">0</attscale></attr><attr><attrlabl Sync="TRUE">DATA</attrlabl><attalias Sync="TRUE">DATA</attalias><attrtype Sync="TRUE">String</attrtype><attwidth Sync="TRUE">6</attwidth><atprecis Sync="TRUE">0</atprecis><attscale Sync="TRUE">0</attscale></attr><attr><attrlabl Sync="TRUE">HECTARE</attrlabl><attalias Sync="TRUE">HECTARE</attalias><attrtype Sync="TRUE">Double</attrtype><attwidth Sync="TRUE">19</attwidth><atprecis Sync="TRUE">0</atprecis><attscale Sync="TRUE">0</attscale></attr><attr><attrlabl Sync="TRUE">ACRES</attrlabl><attalias Sync="TRUE">ACRES</attalias><attrtype Sync="TRUE">Double</attrtype><attwidth Sync="TRUE">19</attwidth><atprecis Sync="TRUE">0</atprecis><attscale Sync="TRUE">0</attscale></attr><attr><attrlabl Sync="TRUE">BUFF_DIST</attrlabl><attalias Sync="TRUE">BUFF_DIST</attalias><attrtype Sync="TRUE">Double</attrtype><attwidth Sync="TRUE">19</attwidth><atprecis Sync="TRUE">0</atprecis><attscale Sync="TRUE">0</attscale></attr><attr><attrlabl Sync="TRUE">ORIG_FID</attrlabl><attalias Sync="TRUE">ORIG_FID</attalias><attrtype Sync="TRUE">Integer</attrtype><attwidth Sync="TRUE">10</attwidth><atprecis Sync="TRUE">10</atprecis><attscale Sync="TRUE">0</attscale></attr><attr><attrlabl Sync="TRUE">Shape_Leng</attrlabl><attalias Sync="TRUE">Shape_Leng</attalias><attrtype Sync="TRUE">Double</attrtype><attwidth Sync="TRUE">19</attwidth><atprecis Sync="TRUE">0</atprecis><attscale Sync="TRUE">0</attscale></attr><attr><attrlabl Sync="TRUE">Shape_Le_1</attrlabl><attalias Sync="TRUE">Shape_Le_1</attalias><attrtype Sync="TRUE">Double</attrtype><attwidth Sync="TRUE">19</attwidth><atprecis Sync="TRUE">0</atprecis><attscale Sync="TRUE">0</attscale></attr><attr><attrlabl Sync="TRUE">Shape_Area</attrlabl><attalias Sync="TRUE">Shape_Area</attalias><attrtype Sync="TRUE">Double</attrtype><attwidth Sync="TRUE">19</attwidth><atprecis Sync="TRUE">0</atprecis><attscale Sync="TRUE">0</attscale><attrdef Sync="TRUE">Area of feature in internal units squared.</attrdef><attrdefs Sync="TRUE">Esri</attrdefs><attrdomv><udom Sync="TRUE">Positive real numbers that are automatically generated.</udom></attrdomv></attr></detailed></eainfo><mdDateSt Sync="TRUE">20251009</mdDateSt></metadata>
