folder,file,out_file,img_w_px,img_h_px,px_per_m_x,px_per_m_y,px_per_m_used,crop_side_px_requested,crop_side_px_used,approx_ground_side_m,height_m,focal_mm_default,focal_mm_used,sensor_w_mm,sensor_h_mm
Nikon COOLPIX AW120,DSCN8811.JPG,DSCN8811_c.jpg,4608,3456,1605.705,1633.055,1619.38,1619.38,1619,0.9998,2.0,4.3,4.3,6.17,4.55
Nikon COOLPIX AW120,DSCN8812.JPG,DSCN8812_c.jpg,4608,3456,1605.705,1633.055,1619.38,1619.38,1619,0.9998,2.0,4.3,4.3,6.17,4.55
Nikon COOLPIX AW120,DSCN8813.JPG,DSCN8813_c.jpg,4608,3456,1605.705,1633.055,1619.38,1619.38,1619,0.9998,2.0,4.3,4.3,6.17,4.55
Nikon COOLPIX AW120,DSCN8814.JPG,DSCN8814_c.jpg,4608,3456,1605.705,1633.055,1619.38,1619.38,1619,0.9998,2.0,4.3,4.3,6.17,4.55
Nikon COOLPIX AW120,DSCN8815.JPG,DSCN8815_c.jpg,4608,3456,1605.705,1633.055,1619.38,1619.38,1619,0.9998,2.0,4.3,4.3,6.17,4.55
Nikon COOLPIX AW120,DSCN8816.JPG,DSCN8816_c.jpg,4608,3456,1605.705,1633.055,1619.38,1619.38,1619,0.9998,2.0,4.3,4.3,6.17,4.55
Nikon COOLPIX AW120,DSCN8817.JPG,DSCN8817_c.jpg,4608,3456,1605.705,1633.055,1619.38,1619.38,1619,0.9998,2.0,4.3,4.3,6.17,4.55
Nikon COOLPIX AW120,DSCN8818.JPG,DSCN8818_c.jpg,4608,3456,1605.705,1633.055,1619.38,1619.38,1619,0.9998,2.0,4.3,4.3,6.17,4.55
Nikon COOLPIX AW120,DSCN8819.JPG,DSCN8819_c.jpg,4608,3456,1605.705,1633.055,1619.38,1619.38,1619,0.9998,2.0,4.3,4.3,6.17,4.55
Nikon COOLPIX AW120,DSCN8820.JPG,DSCN8820_c.jpg,4608,3456,1605.705,1633.055,1619.38,1619.38,1619,0.9998,2.0,4.3,4.3,6.17,4.55
Nikon COOLPIX AW120,DSCN8821.JPG,DSCN8821_c.jpg,4608,3456,1605.705,1633.055,1619.38,1619.38,1619,0.9998,2.0,4.3,4.3,6.17,4.55
Nikon COOLPIX AW120,DSCN8822.JPG,DSCN8822_c.jpg,4608,3456,1605.705,1633.055,1619.38,1619.38,1619,0.9998,2.0,4.3,4.3,6.17,4.55
Nikon COOLPIX AW120,DSCN8823.JPG,DSCN8823_c.jpg,4608,3456,1605.705,1633.055,1619.38,1619.38,1619,0.9998,2.0,4.3,4.3,6.17,4.55
Nikon COOLPIX AW120,DSCN8824.JPG,DSCN8824_c.jpg,4608,3456,1605.705,1633.055,1619.38,1619.38,1619,0.9998,2.0,4.3,4.3,6.17,4.55
Nikon COOLPIX AW120,DSCN8825.JPG,DSCN8825_c.jpg,4608,3456,1605.705,1633.055,1619.38,1619.38,1619,0.9998,2.0,4.3,4.3,6.17,4.55
Nikon COOLPIX AW120,DSCN8826.JPG,DSCN8826_c.jpg,4608,3456,1605.705,1633.055,1619.38,1619.38,1619,0.9998,2.0,4.3,4.3,6.17,4.55
Nikon COOLPIX AW120,DSCN8827.JPG,DSCN8827_c.jpg,4608,3456,1605.705,1633.055,1619.38,1619.38,1619,0.9998,2.0,4.3,4.3,6.17,4.55
Nikon COOLPIX AW120,DSCN8828.JPG,DSCN8828_c.jpg,4608,3456,1605.705,1633.055,1619.38,1619.38,1619,0.9998,2.0,4.3,4.3,6.17,4.55
Nikon COOLPIX AW120,DSCN8829.JPG,DSCN8829_c.jpg,4608,3456,1605.705,1633.055,1619.38,1619.38,1619,0.9998,2.0,4.3,4.3,6.17,4.55
Nikon COOLPIX AW120,DSCN8830.JPG,DSCN8830_c.jpg,4608,3456,1605.705,1633.055,1619.38,1619.38,1619,0.9998,2.0,4.3,4.3,6.17,4.55
Nikon COOLPIX AW120,DSCN8831.JPG,DSCN8831_c.jpg,4608,3456,1605.705,1633.055,1619.38,1619.38,1619,0.9998,2.0,4.3,4.3,6.17,4.55
Nikon COOLPIX AW120,DSCN8832.JPG,DSCN8832_c.jpg,4608,3456,1605.705,1633.055,1619.38,1619.38,1619,0.9998,2.0,4.3,4.3,6.17,4.55
Nikon COOLPIX AW120,DSCN8833.JPG,DSCN8833_c.jpg,4608,3456,1605.705,1633.055,1619.38,1619.38,1619,0.9998,2.0,4.3,4.3,6.17,4.55
Nikon COOLPIX AW120,DSCN8834.JPG,DSCN8834_c.jpg,4608,3456,1605.705,1633.055,1619.38,1619.38,1619,0.9998,2.0,4.3,4.3,6.17,4.55
Nikon COOLPIX AW120,DSCN8835.JPG,DSCN8835_c.jpg,4608,3456,1605.705,1633.055,1619.38,1619.38,1619,0.9998,2.0,4.3,4.3,6.17,4.55
Nikon COOLPIX AW120,DSCN8836.JPG,DSCN8836_c.jpg,4608,3456,1605.705,1633.055,1619.38,1619.38,1619,0.9998,2.0,4.3,4.3,6.17,4.55
Nikon COOLPIX AW120,DSCN8837.JPG,DSCN8837_c.jpg,4608,3456,1605.705,1633.055,1619.38,1619.38,1619,0.9998,2.0,4.3,4.3,6.17,4.55
Nikon COOLPIX AW120,DSCN8838.JPG,DSCN8838_c.jpg,4608,3456,1605.705,1633.055,1619.38,1619.38,1619,0.9998,2.0,4.3,4.3,6.17,4.55
Nikon COOLPIX AW120,DSCN8839.JPG,DSCN8839_c.jpg,4608,3456,1605.705,1633.055,1619.38,1619.38,1619,0.9998,2.0,4.3,4.3,6.17,4.55
Nikon COOLPIX AW120,DSCN8840.JPG,DSCN8840_c.jpg,4608,3456,1605.705,1633.055,1619.38,1619.38,1619,0.9998,2.0,4.3,4.3,6.17,4.55
Nikon COOLPIX AW120,DSCN8841.JPG,DSCN8841_c.jpg,4608,3456,1605.705,1633.055,1619.38,1619.38,1619,0.9998,2.0,4.3,4.3,6.17,4.55
Nikon COOLPIX AW120,DSCN8842.JPG,DSCN8842_c.jpg,4608,3456,1605.705,1633.055,1619.38,1619.38,1619,0.9998,2.0,4.3,4.3,6.17,4.55
Nikon COOLPIX AW120,DSCN8843.JPG,DSCN8843_c.jpg,4608,3456,1605.705,1633.055,1619.38,1619.38,1619,0.9998,2.0,4.3,4.3,6.17,4.55
Nikon COOLPIX AW120,DSCN8844.JPG,DSCN8844_c.jpg,4608,3456,1605.705,1633.055,1619.38,1619.38,1619,0.9998,2.0,4.3,4.3,6.17,4.55
Nikon COOLPIX AW120,DSCN8845.JPG,DSCN8845_c.jpg,4608,3456,1605.705,1633.055,1619.38,1619.38,1619,0.9998,2.0,4.3,4.3,6.17,4.55
Nikon COOLPIX AW120,DSCN8846.JPG,DSCN8846_c.jpg,4608,3456,1605.705,1633.055,1619.38,1619.38,1619,0.9998,2.0,4.3,4.3,6.17,4.55
Nikon COOLPIX AW120,DSCN8847.JPG,DSCN8847_c.jpg,4608,3456,1605.705,1633.055,1619.38,1619.38,1619,0.9998,2.0,4.3,4.3,6.17,4.55
Nikon COOLPIX AW120,DSCN8848.JPG,DSCN8848_c.jpg,4608,3456,1605.705,1633.055,1619.38,1619.38,1619,0.9998,2.0,4.3,4.3,6.17,4.55
Nikon COOLPIX AW120,DSCN8849.JPG,DSCN8849_c.jpg,4608,3456,1605.705,1633.055,1619.38,1619.38,1619,0.9998,2.0,4.3,4.3,6.17,4.55
Nikon COOLPIX AW120,DSCN8850.JPG,DSCN8850_c.jpg,4608,3456,1605.705,1633.055,1619.38,1619.38,1619,0.9998,2.0,4.3,4.3,6.17,4.55
Nikon COOLPIX AW120,DSCN8851.JPG,DSCN8851_c.jpg,4608,3456,1605.705,1633.055,1619.38,1619.38,1619,0.9998,2.0,4.3,4.3,6.17,4.55
Nikon COOLPIX AW120,DSCN8852.JPG,DSCN8852_c.jpg,4608,3456,1605.705,1633.055,1619.38,1619.38,1619,0.9998,2.0,4.3,4.3,6.17,4.55
Nikon COOLPIX AW120,DSCN8853.JPG,DSCN8853_c.jpg,4608,3456,1605.705,1633.055,1619.38,1619.38,1619,0.9998,2.0,4.3,4.3,6.17,4.55
Nikon COOLPIX AW120,DSCN8854.JPG,DSCN8854_c.jpg,4608,3456,1605.705,1633.055,1619.38,1619.38,1619,0.9998,2.0,4.3,4.3,6.17,4.55
Nikon COOLPIX AW120,DSCN8855.JPG,DSCN8855_c.jpg,4608,3456,1605.705,1633.055,1619.38,1619.38,1619,0.9998,2.0,4.3,4.3,6.17,4.55
Nikon COOLPIX AW120,DSCN8856.JPG,DSCN8856_c.jpg,4608,3456,1605.705,1633.055,1619.38,1619.38,1619,0.9998,2.0,4.3,4.3,6.17,4.55
Nikon COOLPIX AW120,DSCN8857.JPG,DSCN8857_c.jpg,4608,3456,1605.705,1633.055,1619.38,1619.38,1619,0.9998,2.0,4.3,4.3,6.17,4.55
Nikon COOLPIX AW120,DSCN8858.JPG,DSCN8858_c.jpg,4608,3456,1605.705,1633.055,1619.38,1619.38,1619,0.9998,2.0,4.3,4.3,6.17,4.55
Nikon COOLPIX AW120,DSCN8859.JPG,DSCN8859_c.jpg,4608,3456,1605.705,1633.055,1619.38,1619.38,1619,0.9998,2.0,4.3,4.3,6.17,4.55
Nikon COOLPIX AW120,DSCN8860.JPG,DSCN8860_c.jpg,4608,3456,1605.705,1633.055,1619.38,1619.38,1619,0.9998,2.0,4.3,4.3,6.17,4.55
Nikon COOLPIX AW120,DSCN8861.JPG,DSCN8861_c.jpg,4608,3456,1605.705,1633.055,1619.38,1619.38,1619,0.9998,2.0,4.3,4.3,6.17,4.55
Nikon COOLPIX AW120,DSCN8862.JPG,DSCN8862_c.jpg,4608,3456,1605.705,1633.055,1619.38,1619.38,1619,0.9998,2.0,4.3,4.3,6.17,4.55
Nikon COOLPIX AW120,DSCN8863.JPG,DSCN8863_c.jpg,4608,3456,1605.705,1633.055,1619.38,1619.38,1619,0.9998,2.0,4.3,4.3,6.17,4.55
Nikon COOLPIX AW120,DSCN8864.JPG,DSCN8864_c.jpg,4608,3456,1605.705,1633.055,1619.38,1619.38,1619,0.9998,2.0,4.3,4.3,6.17,4.55
Nikon COOLPIX AW120,DSCN8865.JPG,DSCN8865_c.jpg,4608,3456,1605.705,1633.055,1619.38,1619.38,1619,0.9998,2.0,4.3,4.3,6.17,4.55
Nikon COOLPIX AW120,DSCN8866.JPG,DSCN8866_c.jpg,4608,3456,1605.705,1633.055,1619.38,1619.38,1619,0.9998,2.0,4.3,4.3,6.17,4.55
Nikon COOLPIX AW120,DSCN8867.JPG,DSCN8867_c.jpg,4608,3456,1605.705,1633.055,1619.38,1619.38,1619,0.9998,2.0,4.3,4.3,6.17,4.55
Nikon COOLPIX AW120,DSCN8868.JPG,DSCN8868_c.jpg,4608,3456,1605.705,1633.055,1619.38,1619.38,1619,0.9998,2.0,4.3,4.3,6.17,4.55
Nikon COOLPIX AW120,DSCN8869.JPG,DSCN8869_c.jpg,4608,3456,1605.705,1633.055,1619.38,1619.38,1619,0.9998,2.0,4.3,4.3,6.17,4.55
Nikon COOLPIX AW120,DSCN8870.JPG,DSCN8870_c.jpg,4608,3456,1605.705,1633.055,1619.38,1619.38,1619,0.9998,2.0,4.3,4.3,6.17,4.55
Nikon COOLPIX AW120,DSCN8871.JPG,DSCN8871_c.jpg,4608,3456,1605.705,1633.055,1619.38,1619.38,1619,0.9998,2.0,4.3,4.3,6.17,4.55
Nikon COOLPIX AW120,DSCN8872.JPG,DSCN8872_c.jpg,4608,3456,1605.705,1633.055,1619.38,1619.38,1619,0.9998,2.0,4.3,4.3,6.17,4.55
Nikon COOLPIX AW120,DSCN8873.JPG,DSCN8873_c.jpg,4608,3456,1605.705,1633.055,1619.38,1619.38,1619,0.9998,2.0,4.3,4.3,6.17,4.55
Nikon COOLPIX AW120,DSCN8874.JPG,DSCN8874_c.jpg,4608,3456,1605.705,1633.055,1619.38,1619.38,1619,0.9998,2.0,4.3,4.3,6.17,4.55
Nikon COOLPIX AW120,DSCN8875.JPG,DSCN8875_c.jpg,4608,3456,1605.705,1633.055,1619.38,1619.38,1619,0.9998,2.0,4.3,4.3,6.17,4.55
Nikon COOLPIX AW120,DSCN8876.JPG,DSCN8876_c.jpg,4608,3456,1605.705,1633.055,1619.38,1619.38,1619,0.9998,2.0,4.3,4.3,6.17,4.55
Nikon COOLPIX AW120,DSCN8877.JPG,DSCN8877_c.jpg,4608,3456,1605.705,1633.055,1619.38,1619.38,1619,0.9998,2.0,4.3,4.3,6.17,4.55
Nikon COOLPIX AW120,DSCN8878.JPG,DSCN8878_c.jpg,4608,3456,1605.705,1633.055,1619.38,1619.38,1619,0.9998,2.0,4.3,4.3,6.17,4.55
Nikon COOLPIX AW120,DSCN8879.JPG,DSCN8879_c.jpg,4608,3456,1605.705,1633.055,1619.38,1619.38,1619,0.9998,2.0,4.3,4.3,6.17,4.55
Nikon COOLPIX AW120,DSCN8880.JPG,DSCN8880_c.jpg,4608,3456,1605.705,1633.055,1619.38,1619.38,1619,0.9998,2.0,4.3,4.3,6.17,4.55
Nikon COOLPIX AW120,DSCN8881.JPG,DSCN8881_c.jpg,4608,3456,1605.705,1633.055,1619.38,1619.38,1619,0.9998,2.0,4.3,4.3,6.17,4.55
Nikon COOLPIX AW120,DSCN8882.JPG,DSCN8882_c.jpg,4608,3456,1605.705,1633.055,1619.38,1619.38,1619,0.9998,2.0,4.3,4.3,6.17,4.55
Nikon COOLPIX AW120,DSCN8883.JPG,DSCN8883_c.jpg,4608,3456,1605.705,1633.055,1619.38,1619.38,1619,0.9998,2.0,4.3,4.3,6.17,4.55
Nikon COOLPIX AW120,DSCN8884.JPG,DSCN8884_c.jpg,4608,3456,1605.705,1633.055,1619.38,1619.38,1619,0.9998,2.0,4.3,4.3,6.17,4.55
Nikon COOLPIX AW120,DSCN8885.JPG,DSCN8885_c.jpg,4608,3456,1605.705,1633.055,1619.38,1619.38,1619,0.9998,2.0,4.3,4.3,6.17,4.55
Nikon COOLPIX AW120,DSCN8886.JPG,DSCN8886_c.jpg,4608,3456,1605.705,1633.055,1619.38,1619.38,1619,0.9998,2.0,4.3,4.3,6.17,4.55
Nikon COOLPIX AW120,DSCN8887.JPG,DSCN8887_c.jpg,4608,3456,1605.705,1633.055,1619.38,1619.38,1619,0.9998,2.0,4.3,4.3,6.17,4.55
Nikon COOLPIX AW120,DSCN8888.JPG,DSCN8888_c.jpg,4608,3456,1605.705,1633.055,1619.38,1619.38,1619,0.9998,2.0,4.3,4.3,6.17,4.55
Nikon COOLPIX AW120,DSCN8889.JPG,DSCN8889_c.jpg,4608,3456,1605.705,1633.055,1619.38,1619.38,1619,0.9998,2.0,4.3,4.3,6.17,4.55
Nikon COOLPIX AW120,DSCN8890.JPG,DSCN8890_c.jpg,4608,3456,1605.705,1633.055,1619.38,1619.38,1619,0.9998,2.0,4.3,4.3,6.17,4.55
Nikon COOLPIX AW120,DSCN8891.JPG,DSCN8891_c.jpg,4608,3456,1605.705,1633.055,1619.38,1619.38,1619,0.9998,2.0,4.3,4.3,6.17,4.55
Nikon COOLPIX AW120,DSCN8892.JPG,DSCN8892_c.jpg,4608,3456,1605.705,1633.055,1619.38,1619.38,1619,0.9998,2.0,4.3,4.3,6.17,4.55
Nikon COOLPIX AW120,DSCN8893.JPG,DSCN8893_c.jpg,4608,3456,1605.705,1633.055,1619.38,1619.38,1619,0.9998,2.0,4.3,4.3,6.17,4.55
Nikon COOLPIX AW120,DSCN8894.JPG,DSCN8894_c.jpg,4608,3456,1605.705,1633.055,1619.38,1619.38,1619,0.9998,2.0,4.3,4.3,6.17,4.55
Nikon COOLPIX AW120,DSCN8895.JPG,DSCN8895_c.jpg,4608,3456,1605.705,1633.055,1619.38,1619.38,1619,0.9998,2.0,4.3,4.3,6.17,4.55
Nikon COOLPIX AW120,DSCN8896.JPG,DSCN8896_c.jpg,4608,3456,1605.705,1633.055,1619.38,1619.38,1619,0.9998,2.0,4.3,4.3,6.17,4.55
Nikon COOLPIX AW120,DSCN8897.JPG,DSCN8897_c.jpg,4608,3456,1605.705,1633.055,1619.38,1619.38,1619,0.9998,2.0,4.3,4.3,6.17,4.55
Nikon COOLPIX AW120,DSCN8898.JPG,DSCN8898_c.jpg,4608,3456,1605.705,1633.055,1619.38,1619.38,1619,0.9998,2.0,4.3,4.3,6.17,4.55
Nikon COOLPIX AW120,DSCN8899.JPG,DSCN8899_c.jpg,4608,3456,1605.705,1633.055,1619.38,1619.38,1619,0.9998,2.0,4.3,4.3,6.17,4.55
Nikon COOLPIX AW120,DSCN8900.JPG,DSCN8900_c.jpg,4608,3456,1605.705,1633.055,1619.38,1619.38,1619,0.9998,2.0,4.3,4.3,6.17,4.55
Nikon COOLPIX AW120,DSCN8901.JPG,DSCN8901_c.jpg,4608,3456,1605.705,1633.055,1619.38,1619.38,1619,0.9998,2.0,4.3,4.3,6.17,4.55
Nikon COOLPIX AW120,DSCN8902.JPG,DSCN8902_c.jpg,4608,3456,1605.705,1633.055,1619.38,1619.38,1619,0.9998,2.0,4.3,4.3,6.17,4.55
Nikon COOLPIX AW120,DSCN8903.JPG,DSCN8903_c.jpg,4608,3456,1605.705,1633.055,1619.38,1619.38,1619,0.9998,2.0,4.3,4.3,6.17,4.55
Nikon COOLPIX AW120,DSCN8904.JPG,DSCN8904_c.jpg,4608,3456,1605.705,1633.055,1619.38,1619.38,1619,0.9998,2.0,4.3,4.3,6.17,4.55
Nikon COOLPIX AW120,DSCN8905.JPG,DSCN8905_c.jpg,4608,3456,1605.705,1633.055,1619.38,1619.38,1619,0.9998,2.0,4.3,4.3,6.17,4.55
Nikon COOLPIX AW120,DSCN8906.JPG,DSCN8906_c.jpg,4608,3456,1605.705,1633.055,1619.38,1619.38,1619,0.9998,2.0,4.3,4.3,6.17,4.55
Nikon COOLPIX AW120,DSCN8907.JPG,DSCN8907_c.jpg,4608,3456,1605.705,1633.055,1619.38,1619.38,1619,0.9998,2.0,4.3,4.3,6.17,4.55
Nikon COOLPIX AW120,DSCN8908.JPG,DSCN8908_c.jpg,4608,3456,1605.705,1633.055,1619.38,1619.38,1619,0.9998,2.0,4.3,4.3,6.17,4.55
Nikon COOLPIX AW120,DSCN8909.JPG,DSCN8909_c.jpg,4608,3456,1605.705,1633.055,1619.38,1619.38,1619,0.9998,2.0,4.3,4.3,6.17,4.55
Nikon COOLPIX AW120,DSCN8910.JPG,DSCN8910_c.jpg,4608,3456,1605.705,1633.055,1619.38,1619.38,1619,0.9998,2.0,4.3,4.3,6.17,4.55
Nikon COOLPIX AW120,DSCN8911.JPG,DSCN8911_c.jpg,4608,3456,1605.705,1633.055,1619.38,1619.38,1619,0.9998,2.0,4.3,4.3,6.17,4.55
Nikon COOLPIX AW120,DSCN8912.JPG,DSCN8912_c.jpg,4608,3456,1605.705,1633.055,1619.38,1619.38,1619,0.9998,2.0,4.3,4.3,6.17,4.55
Nikon COOLPIX AW120,DSCN8913.JPG,DSCN8913_c.jpg,4608,3456,1605.705,1633.055,1619.38,1619.38,1619,0.9998,2.0,4.3,4.3,6.17,4.55
Nikon COOLPIX AW120,DSCN8914.JPG,DSCN8914_c.jpg,4608,3456,1605.705,1633.055,1619.38,1619.38,1619,0.9998,2.0,4.3,4.3,6.17,4.55
Nikon COOLPIX AW120,DSCN8915.JPG,DSCN8915_c.jpg,4608,3456,1605.705,1633.055,1619.38,1619.38,1619,0.9998,2.0,4.3,4.3,6.17,4.55
Nikon COOLPIX AW120,DSCN8916.JPG,DSCN8916_c.jpg,4608,3456,1605.705,1633.055,1619.38,1619.38,1619,0.9998,2.0,4.3,4.3,6.17,4.55
Nikon COOLPIX AW120,DSCN8917.JPG,DSCN8917_c.jpg,4608,3456,1605.705,1633.055,1619.38,1619.38,1619,0.9998,2.0,4.3,4.3,6.17,4.55
Nikon COOLPIX AW120,DSCN8918.JPG,DSCN8918_c.jpg,4608,3456,1605.705,1633.055,1619.38,1619.38,1619,0.9998,2.0,4.3,4.3,6.17,4.55
Nikon COOLPIX AW120,DSCN8919.JPG,DSCN8919_c.jpg,4608,3456,1605.705,1633.055,1619.38,1619.38,1619,0.9998,2.0,4.3,4.3,6.17,4.55
Nikon COOLPIX AW120,DSCN8920.JPG,DSCN8920_c.jpg,4608,3456,1605.705,1633.055,1619.38,1619.38,1619,0.9998,2.0,4.3,4.3,6.17,4.55
Nikon COOLPIX AW120,DSCN8921.JPG,DSCN8921_c.jpg,4608,3456,1605.705,1633.055,1619.38,1619.38,1619,0.9998,2.0,4.3,4.3,6.17,4.55
Nikon COOLPIX AW120,DSCN8922.JPG,DSCN8922_c.jpg,4608,3456,1605.705,1633.055,1619.38,1619.38,1619,0.9998,2.0,4.3,4.3,6.17,4.55
Nikon COOLPIX AW120,DSCN8923.JPG,DSCN8923_c.jpg,4608,3456,1605.705,1633.055,1619.38,1619.38,1619,0.9998,2.0,4.3,4.3,6.17,4.55
Nikon COOLPIX AW120,DSCN8924.JPG,DSCN8924_c.jpg,4608,3456,1605.705,1633.055,1619.38,1619.38,1619,0.9998,2.0,4.3,4.3,6.17,4.55
Nikon COOLPIX AW120,DSCN8925.JPG,DSCN8925_c.jpg,4608,3456,1605.705,1633.055,1619.38,1619.38,1619,0.9998,2.0,4.3,4.3,6.17,4.55
Nikon COOLPIX AW120,DSCN8926.JPG,DSCN8926_c.jpg,4608,3456,1605.705,1633.055,1619.38,1619.38,1619,0.9998,2.0,4.3,4.3,6.17,4.55
Nikon COOLPIX AW120,DSCN8927.JPG,DSCN8927_c.jpg,4608,3456,1605.705,1633.055,1619.38,1619.38,1619,0.9998,2.0,4.3,4.3,6.17,4.55
Nikon COOLPIX AW120,DSCN8928.JPG,DSCN8928_c.jpg,4608,3456,1605.705,1633.055,1619.38,1619.38,1619,0.9998,2.0,4.3,4.3,6.17,4.55
Nikon COOLPIX AW120,DSCN8929.JPG,DSCN8929_c.jpg,4608,3456,1605.705,1633.055,1619.38,1619.38,1619,0.9998,2.0,4.3,4.3,6.17,4.55
Nikon COOLPIX AW120,DSCN8931.JPG,DSCN8931_c.jpg,4608,3456,1605.705,1633.055,1619.38,1619.38,1619,0.9998,2.0,4.3,4.3,6.17,4.55
Nikon COOLPIX AW120,DSCN8932.JPG,DSCN8932_c.jpg,4608,3456,1605.705,1633.055,1619.38,1619.38,1619,0.9998,2.0,4.3,4.3,6.17,4.55
Nikon COOLPIX AW120,DSCN8933.JPG,DSCN8933_c.jpg,4608,3456,1605.705,1633.055,1619.38,1619.38,1619,0.9998,2.0,4.3,4.3,6.17,4.55
Nikon COOLPIX AW120,DSCN8934.JPG,DSCN8934_c.jpg,4608,3456,1605.705,1633.055,1619.38,1619.38,1619,0.9998,2.0,4.3,4.3,6.17,4.55
Nikon COOLPIX AW120,DSCN8935.JPG,DSCN8935_c.jpg,4608,3456,1605.705,1633.055,1619.38,1619.38,1619,0.9998,2.0,4.3,4.3,6.17,4.55
Nikon COOLPIX AW120,DSCN8936.JPG,DSCN8936_c.jpg,4608,3456,1605.705,1633.055,1619.38,1619.38,1619,0.9998,2.0,4.3,4.3,6.17,4.55
Nikon COOLPIX AW120,DSCN8937.JPG,DSCN8937_c.jpg,4608,3456,1605.705,1633.055,1619.38,1619.38,1619,0.9998,2.0,4.3,4.3,6.17,4.55
Nikon COOLPIX AW120,DSCN8938.JPG,DSCN8938_c.jpg,4608,3456,1605.705,1633.055,1619.38,1619.38,1619,0.9998,2.0,4.3,4.3,6.17,4.55
Nikon COOLPIX AW120,DSCN8939.JPG,DSCN8939_c.jpg,4608,3456,1605.705,1633.055,1619.38,1619.38,1619,0.9998,2.0,4.3,4.3,6.17,4.55
Nikon COOLPIX AW120,DSCN8940.JPG,DSCN8940_c.jpg,4608,3456,1605.705,1633.055,1619.38,1619.38,1619,0.9998,2.0,4.3,4.3,6.17,4.55
Nikon COOLPIX AW120,DSCN8941.JPG,DSCN8941_c.jpg,4608,3456,1605.705,1633.055,1619.38,1619.38,1619,0.9998,2.0,4.3,4.3,6.17,4.55
Nikon COOLPIX AW120,DSCN8942.JPG,DSCN8942_c.jpg,4608,3456,1605.705,1633.055,1619.38,1619.38,1619,0.9998,2.0,4.3,4.3,6.17,4.55
Nikon COOLPIX AW120,DSCN8943.JPG,DSCN8943_c.jpg,4608,3456,1605.705,1633.055,1619.38,1619.38,1619,0.9998,2.0,4.3,4.3,6.17,4.55
Nikon COOLPIX AW120,DSCN8944.JPG,DSCN8944_c.jpg,4608,3456,1605.705,1633.055,1619.38,1619.38,1619,0.9998,2.0,4.3,4.3,6.17,4.55
Nikon COOLPIX AW120,DSCN8945.JPG,DSCN8945_c.jpg,4608,3456,1605.705,1633.055,1619.38,1619.38,1619,0.9998,2.0,4.3,4.3,6.17,4.55
Nikon COOLPIX AW120,DSCN8946.JPG,DSCN8946_c.jpg,4608,3456,1605.705,1633.055,1619.38,1619.38,1619,0.9998,2.0,4.3,4.3,6.17,4.55
Nikon COOLPIX AW120,DSCN8947.JPG,DSCN8947_c.jpg,4608,3456,1605.705,1633.055,1619.38,1619.38,1619,0.9998,2.0,4.3,4.3,6.17,4.55
Nikon COOLPIX AW120,DSCN8948.JPG,DSCN8948_c.jpg,4608,3456,1605.705,1633.055,1619.38,1619.38,1619,0.9998,2.0,4.3,4.3,6.17,4.55
Nikon COOLPIX AW120,DSCN8949.JPG,DSCN8949_c.jpg,4608,3456,1605.705,1633.055,1619.38,1619.38,1619,0.9998,2.0,4.3,4.3,6.17,4.55
Nikon COOLPIX AW120,DSCN8950.JPG,DSCN8950_c.jpg,4608,3456,1605.705,1633.055,1619.38,1619.38,1619,0.9998,2.0,4.3,4.3,6.17,4.55
Nikon COOLPIX AW120,DSCN8951.JPG,DSCN8951_c.jpg,4608,3456,1605.705,1633.055,1619.38,1619.38,1619,0.9998,2.0,4.3,4.3,6.17,4.55
Nikon COOLPIX AW120,DSCN8952.JPG,DSCN8952_c.jpg,4608,3456,1605.705,1633.055,1619.38,1619.38,1619,0.9998,2.0,4.3,4.3,6.17,4.55
Nikon COOLPIX AW120,DSCN8953.JPG,DSCN8953_c.jpg,4608,3456,1605.705,1633.055,1619.38,1619.38,1619,0.9998,2.0,4.3,4.3,6.17,4.55
Nikon COOLPIX AW120,DSCN8954.JPG,DSCN8954_c.jpg,4608,3456,1605.705,1633.055,1619.38,1619.38,1619,0.9998,2.0,4.3,4.3,6.17,4.55
Nikon COOLPIX AW120,DSCN8955.JPG,DSCN8955_c.jpg,4608,3456,1605.705,1633.055,1619.38,1619.38,1619,0.9998,2.0,4.3,4.3,6.17,4.55
Nikon COOLPIX AW120,DSCN8956.JPG,DSCN8956_c.jpg,4608,3456,1605.705,1633.055,1619.38,1619.38,1619,0.9998,2.0,4.3,4.3,6.17,4.55
Nikon COOLPIX AW120,DSCN8958.JPG,DSCN8958_c.jpg,4608,3456,1605.705,1633.055,1619.38,1619.38,1619,0.9998,2.0,4.3,4.3,6.17,4.55
Nikon COOLPIX AW120,DSCN8959.JPG,DSCN8959_c.jpg,4608,3456,1605.705,1633.055,1619.38,1619.38,1619,0.9998,2.0,4.3,4.3,6.17,4.55
Nikon COOLPIX AW120,DSCN8960.JPG,DSCN8960_c.jpg,4608,3456,1605.705,1633.055,1619.38,1619.38,1619,0.9998,2.0,4.3,4.3,6.17,4.55
Nikon COOLPIX AW120,DSCN8961.JPG,DSCN8961_c.jpg,4608,3456,1605.705,1633.055,1619.38,1619.38,1619,0.9998,2.0,4.3,4.3,6.17,4.55
Nikon COOLPIX AW120,DSCN8962.JPG,DSCN8962_c.jpg,4608,3456,1605.705,1633.055,1619.38,1619.38,1619,0.9998,2.0,4.3,4.3,6.17,4.55
Nikon COOLPIX AW120,DSCN8963.JPG,DSCN8963_c.jpg,4608,3456,1605.705,1633.055,1619.38,1619.38,1619,0.9998,2.0,4.3,4.3,6.17,4.55
Nikon COOLPIX AW120,DSCN8964.JPG,DSCN8964_c.jpg,4608,3456,1605.705,1633.055,1619.38,1619.38,1619,0.9998,2.0,4.3,4.3,6.17,4.55
Nikon COOLPIX AW120,DSCN8965.JPG,DSCN8965_c.jpg,4608,3456,1605.705,1633.055,1619.38,1619.38,1619,0.9998,2.0,4.3,4.3,6.17,4.55
Nikon COOLPIX AW120,DSCN8966.JPG,DSCN8966_c.jpg,4608,3456,1605.705,1633.055,1619.38,1619.38,1619,0.9998,2.0,4.3,4.3,6.17,4.55
Nikon COOLPIX AW120,DSCN8967.JPG,DSCN8967_c.jpg,4608,3456,1605.705,1633.055,1619.38,1619.38,1619,0.9998,2.0,4.3,4.3,6.17,4.55
Nikon COOLPIX AW120,DSCN8968.JPG,DSCN8968_c.jpg,4608,3456,1605.705,1633.055,1619.38,1619.38,1619,0.9998,2.0,4.3,4.3,6.17,4.55
Nikon COOLPIX AW120,DSCN8969.JPG,DSCN8969_c.jpg,4608,3456,1605.705,1633.055,1619.38,1619.38,1619,0.9998,2.0,4.3,4.3,6.17,4.55
Nikon COOLPIX AW120,DSCN8970.JPG,DSCN8970_c.jpg,4608,3456,1605.705,1633.055,1619.38,1619.38,1619,0.9998,2.0,4.3,4.3,6.17,4.55
Nikon COOLPIX AW120,DSCN8971.JPG,DSCN8971_c.jpg,4608,3456,1605.705,1633.055,1619.38,1619.38,1619,0.9998,2.0,4.3,4.3,6.17,4.55
Nikon COOLPIX AW120,DSCN8972.JPG,DSCN8972_c.jpg,4608,3456,1605.705,1633.055,1619.38,1619.38,1619,0.9998,2.0,4.3,4.3,6.17,4.55
Nikon COOLPIX AW120,DSCN8973.JPG,DSCN8973_c.jpg,4608,3456,1605.705,1633.055,1619.38,1619.38,1619,0.9998,2.0,4.3,4.3,6.17,4.55
Nikon COOLPIX AW120,DSCN8974.JPG,DSCN8974_c.jpg,4608,3456,1605.705,1633.055,1619.38,1619.38,1619,0.9998,2.0,4.3,4.3,6.17,4.55
Nikon COOLPIX AW120,DSCN8975.JPG,DSCN8975_c.jpg,4608,3456,1605.705,1633.055,1619.38,1619.38,1619,0.9998,2.0,4.3,4.3,6.17,4.55
Nikon COOLPIX AW120,DSCN8976.JPG,DSCN8976_c.jpg,4608,3456,1605.705,1633.055,1619.38,1619.38,1619,0.9998,2.0,4.3,4.3,6.17,4.55
Nikon COOLPIX AW120,DSCN8977.JPG,DSCN8977_c.jpg,4608,3456,1605.705,1633.055,1619.38,1619.38,1619,0.9998,2.0,4.3,4.3,6.17,4.55
Nikon COOLPIX AW120,DSCN8978.JPG,DSCN8978_c.jpg,4608,3456,1605.705,1633.055,1619.38,1619.38,1619,0.9998,2.0,4.3,4.3,6.17,4.55
Nikon COOLPIX AW120,DSCN8979.JPG,DSCN8979_c.jpg,4608,3456,1605.705,1633.055,1619.38,1619.38,1619,0.9998,2.0,4.3,4.3,6.17,4.55
Nikon COOLPIX AW120,DSCN8980.JPG,DSCN8980_c.jpg,4608,3456,1605.705,1633.055,1619.38,1619.38,1619,0.9998,2.0,4.3,4.3,6.17,4.55
Nikon COOLPIX AW120,DSCN8981.JPG,DSCN8981_c.jpg,4608,3456,1605.705,1633.055,1619.38,1619.38,1619,0.9998,2.0,4.3,4.3,6.17,4.55
Nikon COOLPIX AW120,DSCN8982.JPG,DSCN8982_c.jpg,4608,3456,1605.705,1633.055,1619.38,1619.38,1619,0.9998,2.0,4.3,4.3,6.17,4.55
Nikon COOLPIX AW120,DSCN8983.JPG,DSCN8983_c.jpg,4608,3456,1605.705,1633.055,1619.38,1619.38,1619,0.9998,2.0,4.3,4.3,6.17,4.55
Nikon COOLPIX AW120,DSCN8984.JPG,DSCN8984_c.jpg,4608,3456,1605.705,1633.055,1619.38,1619.38,1619,0.9998,2.0,4.3,4.3,6.17,4.55
Nikon COOLPIX AW120,DSCN8985.JPG,DSCN8985_c.jpg,4608,3456,1605.705,1633.055,1619.38,1619.38,1619,0.9998,2.0,4.3,4.3,6.17,4.55
Nikon COOLPIX AW120,DSCN8986.JPG,DSCN8986_c.jpg,4608,3456,1605.705,1633.055,1619.38,1619.38,1619,0.9998,2.0,4.3,4.3,6.17,4.55
Nikon COOLPIX AW120,DSCN8987.JPG,DSCN8987_c.jpg,4608,3456,1605.705,1633.055,1619.38,1619.38,1619,0.9998,2.0,4.3,4.3,6.17,4.55
Nikon COOLPIX AW120,DSCN8988.JPG,DSCN8988_c.jpg,4608,3456,1605.705,1633.055,1619.38,1619.38,1619,0.9998,2.0,4.3,4.3,6.17,4.55
Nikon COOLPIX AW120,DSCN8989.JPG,DSCN8989_c.jpg,4608,3456,1605.705,1633.055,1619.38,1619.38,1619,0.9998,2.0,4.3,4.3,6.17,4.55
Nikon COOLPIX AW120,DSCN8990.JPG,DSCN8990_c.jpg,4608,3456,1605.705,1633.055,1619.38,1619.38,1619,0.9998,2.0,4.3,4.3,6.17,4.55
Nikon COOLPIX AW120,DSCN8991.JPG,DSCN8991_c.jpg,4608,3456,1605.705,1633.055,1619.38,1619.38,1619,0.9998,2.0,4.3,4.3,6.17,4.55
Nikon COOLPIX AW120,DSCN8992.JPG,DSCN8992_c.jpg,4608,3456,1605.705,1633.055,1619.38,1619.38,1619,0.9998,2.0,4.3,4.3,6.17,4.55
Nikon COOLPIX AW120,DSCN8993.JPG,DSCN8993_c.jpg,4608,3456,1605.705,1633.055,1619.38,1619.38,1619,0.9998,2.0,4.3,4.3,6.17,4.55
Nikon COOLPIX AW120,DSCN8994.JPG,DSCN8994_c.jpg,4608,3456,1605.705,1633.055,1619.38,1619.38,1619,0.9998,2.0,4.3,4.3,6.17,4.55
Nikon COOLPIX AW120,DSCN8995.JPG,DSCN8995_c.jpg,4608,3456,1605.705,1633.055,1619.38,1619.38,1619,0.9998,2.0,4.3,4.3,6.17,4.55
Nikon COOLPIX AW120,DSCN8996.JPG,DSCN8996_c.jpg,4608,3456,1605.705,1633.055,1619.38,1619.38,1619,0.9998,2.0,4.3,4.3,6.17,4.55
Nikon COOLPIX AW120,DSCN8997.JPG,DSCN8997_c.jpg,4608,3456,1605.705,1633.055,1619.38,1619.38,1619,0.9998,2.0,4.3,4.3,6.17,4.55
Nikon COOLPIX AW120,DSCN8998.JPG,DSCN8998_c.jpg,4608,3456,1605.705,1633.055,1619.38,1619.38,1619,0.9998,2.0,4.3,4.3,6.17,4.55
Nikon COOLPIX AW120,DSCN8999.JPG,DSCN8999_c.jpg,4608,3456,1605.705,1633.055,1619.38,1619.38,1619,0.9998,2.0,4.3,4.3,6.17,4.55
Nikon COOLPIX AW120,DSCN9000.JPG,DSCN9000_c.jpg,4608,3456,1605.705,1633.055,1619.38,1619.38,1619,0.9998,2.0,4.3,4.3,6.17,4.55
Nikon COOLPIX AW120,DSCN9001.JPG,DSCN9001_c.jpg,4608,3456,1605.705,1633.055,1619.38,1619.38,1619,0.9998,2.0,4.3,4.3,6.17,4.55
Nikon COOLPIX AW120,DSCN9002.JPG,DSCN9002_c.jpg,4608,3456,1605.705,1633.055,1619.38,1619.38,1619,0.9998,2.0,4.3,4.3,6.17,4.55
Nikon COOLPIX AW120,DSCN9003.JPG,DSCN9003_c.jpg,4608,3456,1605.705,1633.055,1619.38,1619.38,1619,0.9998,2.0,4.3,4.3,6.17,4.55
Nikon COOLPIX AW120,DSCN9004.JPG,DSCN9004_c.jpg,4608,3456,1605.705,1633.055,1619.38,1619.38,1619,0.9998,2.0,4.3,4.3,6.17,4.55
Nikon COOLPIX AW120,DSCN9005.JPG,DSCN9005_c.jpg,4608,3456,1605.705,1633.055,1619.38,1619.38,1619,0.9998,2.0,4.3,4.3,6.17,4.55
Nikon COOLPIX AW120,DSCN9006.JPG,DSCN9006_c.jpg,4608,3456,1605.705,1633.055,1619.38,1619.38,1619,0.9998,2.0,4.3,4.3,6.17,4.55
Nikon COOLPIX AW120,DSCN9007.JPG,DSCN9007_c.jpg,4608,3456,1605.705,1633.055,1619.38,1619.38,1619,0.9998,2.0,4.3,4.3,6.17,4.55
Nikon COOLPIX AW120,DSCN9008.JPG,DSCN9008_c.jpg,4608,3456,1605.705,1633.055,1619.38,1619.38,1619,0.9998,2.0,4.3,4.3,6.17,4.55
Nikon COOLPIX AW120,DSCN9009.JPG,DSCN9009_c.jpg,4608,3456,1605.705,1633.055,1619.38,1619.38,1619,0.9998,2.0,4.3,4.3,6.17,4.55
Nikon COOLPIX AW120,DSCN9010.JPG,DSCN9010_c.jpg,4608,3456,1605.705,1633.055,1619.38,1619.38,1619,0.9998,2.0,4.3,4.3,6.17,4.55
Nikon COOLPIX AW120,DSCN9011.JPG,DSCN9011_c.jpg,4608,3456,1605.705,1633.055,1619.38,1619.38,1619,0.9998,2.0,4.3,4.3,6.17,4.55
Nikon COOLPIX AW120,DSCN9012.JPG,DSCN9012_c.jpg,4608,3456,1605.705,1633.055,1619.38,1619.38,1619,0.9998,2.0,4.3,4.3,6.17,4.55
Nikon COOLPIX AW120,DSCN9013.JPG,DSCN9013_c.jpg,4608,3456,1605.705,1633.055,1619.38,1619.38,1619,0.9998,2.0,4.3,4.3,6.17,4.55
Nikon COOLPIX AW120,DSCN9014.JPG,DSCN9014_c.jpg,4608,3456,1605.705,1633.055,1619.38,1619.38,1619,0.9998,2.0,4.3,4.3,6.17,4.55
Nikon COOLPIX AW120,DSCN9015.JPG,DSCN9015_c.jpg,4608,3456,1605.705,1633.055,1619.38,1619.38,1619,0.9998,2.0,4.3,4.3,6.17,4.55
Nikon COOLPIX AW120,DSCN9016.JPG,DSCN9016_c.jpg,4608,3456,1605.705,1633.055,1619.38,1619.38,1619,0.9998,2.0,4.3,4.3,6.17,4.55
Nikon COOLPIX AW120,DSCN9017.JPG,DSCN9017_c.jpg,4608,3456,1605.705,1633.055,1619.38,1619.38,1619,0.9998,2.0,4.3,4.3,6.17,4.55
Nikon COOLPIX AW120,DSCN9018.JPG,DSCN9018_c.jpg,4608,3456,1605.705,1633.055,1619.38,1619.38,1619,0.9998,2.0,4.3,4.3,6.17,4.55
Nikon COOLPIX AW120,DSCN9019.JPG,DSCN9019_c.jpg,4608,3456,1605.705,1633.055,1619.38,1619.38,1619,0.9998,2.0,4.3,4.3,6.17,4.55
Nikon COOLPIX AW120,DSCN9020.JPG,DSCN9020_c.jpg,4608,3456,1605.705,1633.055,1619.38,1619.38,1619,0.9998,2.0,4.3,4.3,6.17,4.55
Nikon COOLPIX AW120,DSCN9021.JPG,DSCN9021_c.jpg,4608,3456,1605.705,1633.055,1619.38,1619.38,1619,0.9998,2.0,4.3,4.3,6.17,4.55
Nikon COOLPIX AW120,DSCN9022.JPG,DSCN9022_c.jpg,4608,3456,1605.705,1633.055,1619.38,1619.38,1619,0.9998,2.0,4.3,4.3,6.17,4.55
Nikon COOLPIX AW120,DSCN9023.JPG,DSCN9023_c.jpg,4608,3456,1605.705,1633.055,1619.38,1619.38,1619,0.9998,2.0,4.3,4.3,6.17,4.55
Nikon COOLPIX AW120,DSCN9024.JPG,DSCN9024_c.jpg,4608,3456,1605.705,1633.055,1619.38,1619.38,1619,0.9998,2.0,4.3,4.3,6.17,4.55
Nikon COOLPIX AW120,DSCN9025.JPG,DSCN9025_c.jpg,4608,3456,1605.705,1633.055,1619.38,1619.38,1619,0.9998,2.0,4.3,4.3,6.17,4.55
Nikon COOLPIX AW120,DSCN9026.JPG,DSCN9026_c.jpg,4608,3456,1605.705,1633.055,1619.38,1619.38,1619,0.9998,2.0,4.3,4.3,6.17,4.55
Nikon COOLPIX AW120,DSCN9027.JPG,DSCN9027_c.jpg,4608,3456,1605.705,1633.055,1619.38,1619.38,1619,0.9998,2.0,4.3,4.3,6.17,4.55
Nikon COOLPIX AW120,DSCN9028.JPG,DSCN9028_c.jpg,4608,3456,1605.705,1633.055,1619.38,1619.38,1619,0.9998,2.0,4.3,4.3,6.17,4.55
Nikon COOLPIX AW120,DSCN9029.JPG,DSCN9029_c.jpg,4608,3456,1605.705,1633.055,1619.38,1619.38,1619,0.9998,2.0,4.3,4.3,6.17,4.55
Nikon COOLPIX AW120,DSCN9030.JPG,DSCN9030_c.jpg,4608,3456,1605.705,1633.055,1619.38,1619.38,1619,0.9998,2.0,4.3,4.3,6.17,4.55
Nikon COOLPIX AW120,DSCN9031.JPG,DSCN9031_c.jpg,4608,3456,1605.705,1633.055,1619.38,1619.38,1619,0.9998,2.0,4.3,4.3,6.17,4.55
Nikon COOLPIX AW120,DSCN9032.JPG,DSCN9032_c.jpg,4608,3456,1605.705,1633.055,1619.38,1619.38,1619,0.9998,2.0,4.3,4.3,6.17,4.55
Nikon COOLPIX AW120,DSCN9034.JPG,DSCN9034_c.jpg,4608,3456,1605.705,1633.055,1619.38,1619.38,1619,0.9998,2.0,4.3,4.3,6.17,4.55
Nikon COOLPIX AW120,DSCN9035.JPG,DSCN9035_c.jpg,4608,3456,1605.705,1633.055,1619.38,1619.38,1619,0.9998,2.0,4.3,4.3,6.17,4.55
Nikon COOLPIX AW120,DSCN9036.JPG,DSCN9036_c.jpg,4608,3456,1605.705,1633.055,1619.38,1619.38,1619,0.9998,2.0,4.3,4.3,6.17,4.55
Nikon COOLPIX AW120,DSCN9037.JPG,DSCN9037_c.jpg,4608,3456,1605.705,1633.055,1619.38,1619.38,1619,0.9998,2.0,4.3,4.3,6.17,4.55
Nikon COOLPIX AW120,DSCN9038.JPG,DSCN9038_c.jpg,4608,3456,1605.705,1633.055,1619.38,1619.38,1619,0.9998,2.0,4.3,4.3,6.17,4.55
Nikon COOLPIX AW120,DSCN9039.JPG,DSCN9039_c.jpg,4608,3456,1605.705,1633.055,1619.38,1619.38,1619,0.9998,2.0,4.3,4.3,6.17,4.55
Nikon COOLPIX AW120,DSCN9040.JPG,DSCN9040_c.jpg,4608,3456,1605.705,1633.055,1619.38,1619.38,1619,0.9998,2.0,4.3,4.3,6.17,4.55
Nikon COOLPIX AW120,DSCN9041.JPG,DSCN9041_c.jpg,4608,3456,1605.705,1633.055,1619.38,1619.38,1619,0.9998,2.0,4.3,4.3,6.17,4.55
Nikon COOLPIX AW120,DSCN9042.JPG,DSCN9042_c.jpg,4608,3456,1605.705,1633.055,1619.38,1619.38,1619,0.9998,2.0,4.3,4.3,6.17,4.55
Nikon COOLPIX AW120,DSCN9043.JPG,DSCN9043_c.jpg,4608,3456,1605.705,1633.055,1619.38,1619.38,1619,0.9998,2.0,4.3,4.3,6.17,4.55
Nikon COOLPIX AW120,DSCN9044.JPG,DSCN9044_c.jpg,4608,3456,1605.705,1633.055,1619.38,1619.38,1619,0.9998,2.0,4.3,4.3,6.17,4.55
Nikon COOLPIX AW120,DSCN9045.JPG,DSCN9045_c.jpg,4608,3456,1605.705,1633.055,1619.38,1619.38,1619,0.9998,2.0,4.3,4.3,6.17,4.55
Nikon COOLPIX AW120,DSCN9046.JPG,DSCN9046_c.jpg,4608,3456,1605.705,1633.055,1619.38,1619.38,1619,0.9998,2.0,4.3,4.3,6.17,4.55
Nikon COOLPIX AW120,DSCN9047.JPG,DSCN9047_c.jpg,4608,3456,1605.705,1633.055,1619.38,1619.38,1619,0.9998,2.0,4.3,4.3,6.17,4.55
Nikon COOLPIX AW120,DSCN9048.JPG,DSCN9048_c.jpg,4608,3456,1605.705,1633.055,1619.38,1619.38,1619,0.9998,2.0,4.3,4.3,6.17,4.55
Nikon COOLPIX AW120,DSCN9049.JPG,DSCN9049_c.jpg,4608,3456,1605.705,1633.055,1619.38,1619.38,1619,0.9998,2.0,4.3,4.3,6.17,4.55
Nikon COOLPIX AW120,DSCN9050.JPG,DSCN9050_c.jpg,4608,3456,1605.705,1633.055,1619.38,1619.38,1619,0.9998,2.0,4.3,4.3,6.17,4.55
Nikon COOLPIX AW120,DSCN9051.JPG,DSCN9051_c.jpg,4608,3456,1605.705,1633.055,1619.38,1619.38,1619,0.9998,2.0,4.3,4.3,6.17,4.55
Nikon COOLPIX AW120,DSCN9052.JPG,DSCN9052_c.jpg,4608,3456,1605.705,1633.055,1619.38,1619.38,1619,0.9998,2.0,4.3,4.3,6.17,4.55
Nikon COOLPIX AW120,DSCN9053.JPG,DSCN9053_c.jpg,4608,3456,1605.705,1633.055,1619.38,1619.38,1619,0.9998,2.0,4.3,4.3,6.17,4.55
Nikon COOLPIX AW120,DSCN9054.JPG,DSCN9054_c.jpg,4608,3456,1605.705,1633.055,1619.38,1619.38,1619,0.9998,2.0,4.3,4.3,6.17,4.55
Nikon COOLPIX AW120,DSCN9055.JPG,DSCN9055_c.jpg,4608,3456,1605.705,1633.055,1619.38,1619.38,1619,0.9998,2.0,4.3,4.3,6.17,4.55
Nikon COOLPIX AW120,DSCN9056.JPG,DSCN9056_c.jpg,4608,3456,1605.705,1633.055,1619.38,1619.38,1619,0.9998,2.0,4.3,4.3,6.17,4.55
Nikon COOLPIX AW120,DSCN9057.JPG,DSCN9057_c.jpg,4608,3456,1605.705,1633.055,1619.38,1619.38,1619,0.9998,2.0,4.3,4.3,6.17,4.55
Nikon COOLPIX AW120,DSCN9058.JPG,DSCN9058_c.jpg,4608,3456,1605.705,1633.055,1619.38,1619.38,1619,0.9998,2.0,4.3,4.3,6.17,4.55
Nikon COOLPIX AW120,DSCN9059.JPG,DSCN9059_c.jpg,4608,3456,1605.705,1633.055,1619.38,1619.38,1619,0.9998,2.0,4.3,4.3,6.17,4.55
Nikon COOLPIX AW120,DSCN9060.JPG,DSCN9060_c.jpg,4608,3456,1605.705,1633.055,1619.38,1619.38,1619,0.9998,2.0,4.3,4.3,6.17,4.55
Nikon COOLPIX AW120,DSCN9061.JPG,DSCN9061_c.jpg,4608,3456,1605.705,1633.055,1619.38,1619.38,1619,0.9998,2.0,4.3,4.3,6.17,4.55
Nikon COOLPIX AW120,DSCN9062.JPG,DSCN9062_c.jpg,4608,3456,1605.705,1633.055,1619.38,1619.38,1619,0.9998,2.0,4.3,4.3,6.17,4.55
Nikon COOLPIX AW120,DSCN9063.JPG,DSCN9063_c.jpg,4608,3456,1605.705,1633.055,1619.38,1619.38,1619,0.9998,2.0,4.3,4.3,6.17,4.55
Nikon COOLPIX AW120,DSCN9064.JPG,DSCN9064_c.jpg,4608,3456,1605.705,1633.055,1619.38,1619.38,1619,0.9998,2.0,4.3,4.3,6.17,4.55
Nikon COOLPIX AW120,DSCN9065.JPG,DSCN9065_c.jpg,4608,3456,1605.705,1633.055,1619.38,1619.38,1619,0.9998,2.0,4.3,4.3,6.17,4.55
Nikon COOLPIX AW120,DSCN9066.JPG,DSCN9066_c.jpg,4608,3456,1605.705,1633.055,1619.38,1619.38,1619,0.9998,2.0,4.3,4.3,6.17,4.55
Nikon COOLPIX AW120,DSCN9067.JPG,DSCN9067_c.jpg,4608,3456,1605.705,1633.055,1619.38,1619.38,1619,0.9998,2.0,4.3,4.3,6.17,4.55
Nikon COOLPIX AW120,DSCN9068.JPG,DSCN9068_c.jpg,4608,3456,1605.705,1633.055,1619.38,1619.38,1619,0.9998,2.0,4.3,4.3,6.17,4.55
Nikon COOLPIX AW120,DSCN9069.JPG,DSCN9069_c.jpg,4608,3456,1605.705,1633.055,1619.38,1619.38,1619,0.9998,2.0,4.3,4.3,6.17,4.55
Nikon COOLPIX AW120,DSCN9070.JPG,DSCN9070_c.jpg,4608,3456,1605.705,1633.055,1619.38,1619.38,1619,0.9998,2.0,4.3,4.3,6.17,4.55
Nikon COOLPIX AW120,DSCN9071.JPG,DSCN9071_c.jpg,4608,3456,1605.705,1633.055,1619.38,1619.38,1619,0.9998,2.0,4.3,4.3,6.17,4.55
Nikon COOLPIX AW120,DSCN9072.JPG,DSCN9072_c.jpg,4608,3456,1605.705,1633.055,1619.38,1619.38,1619,0.9998,2.0,4.3,4.3,6.17,4.55
Nikon COOLPIX AW120,DSCN9073.JPG,DSCN9073_c.jpg,4608,3456,1605.705,1633.055,1619.38,1619.38,1619,0.9998,2.0,4.3,4.3,6.17,4.55
Nikon COOLPIX AW120,DSCN9074.JPG,DSCN9074_c.jpg,4608,3456,1605.705,1633.055,1619.38,1619.38,1619,0.9998,2.0,4.3,4.3,6.17,4.55
Nikon COOLPIX AW120,DSCN9075.JPG,DSCN9075_c.jpg,4608,3456,1605.705,1633.055,1619.38,1619.38,1619,0.9998,2.0,4.3,4.3,6.17,4.55
Nikon COOLPIX AW120,DSCN9076.JPG,DSCN9076_c.jpg,4608,3456,1605.705,1633.055,1619.38,1619.38,1619,0.9998,2.0,4.3,4.3,6.17,4.55
Nikon COOLPIX AW120,DSCN9077.JPG,DSCN9077_c.jpg,4608,3456,1605.705,1633.055,1619.38,1619.38,1619,0.9998,2.0,4.3,4.3,6.17,4.55
Nikon COOLPIX AW120,DSCN9078.JPG,DSCN9078_c.jpg,4608,3456,1605.705,1633.055,1619.38,1619.38,1619,0.9998,2.0,4.3,4.3,6.17,4.55
Nikon COOLPIX AW120,DSCN9079.JPG,DSCN9079_c.jpg,4608,3456,1605.705,1633.055,1619.38,1619.38,1619,0.9998,2.0,4.3,4.3,6.17,4.55
Nikon COOLPIX AW120,DSCN9080.JPG,DSCN9080_c.jpg,4608,3456,1605.705,1633.055,1619.38,1619.38,1619,0.9998,2.0,4.3,4.3,6.17,4.55
Nikon COOLPIX AW120,DSCN9081.JPG,DSCN9081_c.jpg,4608,3456,1605.705,1633.055,1619.38,1619.38,1619,0.9998,2.0,4.3,4.3,6.17,4.55
Nikon COOLPIX AW120,DSCN9082.JPG,DSCN9082_c.jpg,4608,3456,1605.705,1633.055,1619.38,1619.38,1619,0.9998,2.0,4.3,4.3,6.17,4.55
Nikon COOLPIX AW120,DSCN9083.JPG,DSCN9083_c.jpg,4608,3456,1605.705,1633.055,1619.38,1619.38,1619,0.9998,2.0,4.3,4.3,6.17,4.55
Nikon COOLPIX AW120,DSCN9084.JPG,DSCN9084_c.jpg,4608,3456,1605.705,1633.055,1619.38,1619.38,1619,0.9998,2.0,4.3,4.3,6.17,4.55
Nikon COOLPIX AW120,DSCN9085.JPG,DSCN9085_c.jpg,4608,3456,1605.705,1633.055,1619.38,1619.38,1619,0.9998,2.0,4.3,4.3,6.17,4.55
Nikon COOLPIX AW120,DSCN9086.JPG,DSCN9086_c.jpg,4608,3456,1605.705,1633.055,1619.38,1619.38,1619,0.9998,2.0,4.3,4.3,6.17,4.55
Nikon COOLPIX AW120,DSCN9087.JPG,DSCN9087_c.jpg,4608,3456,1605.705,1633.055,1619.38,1619.38,1619,0.9998,2.0,4.3,4.3,6.17,4.55
Nikon COOLPIX AW120,DSCN9088.JPG,DSCN9088_c.jpg,4608,3456,1605.705,1633.055,1619.38,1619.38,1619,0.9998,2.0,4.3,4.3,6.17,4.55
Nikon COOLPIX AW120,DSCN9089.JPG,DSCN9089_c.jpg,4608,3456,1605.705,1633.055,1619.38,1619.38,1619,0.9998,2.0,4.3,4.3,6.17,4.55
Nikon COOLPIX AW120,DSCN9090.JPG,DSCN9090_c.jpg,4608,3456,1605.705,1633.055,1619.38,1619.38,1619,0.9998,2.0,4.3,4.3,6.17,4.55
Nikon COOLPIX AW120,DSCN9091.JPG,DSCN9091_c.jpg,4608,3456,1605.705,1633.055,1619.38,1619.38,1619,0.9998,2.0,4.3,4.3,6.17,4.55
Nikon COOLPIX AW120,DSCN9092.JPG,DSCN9092_c.jpg,4608,3456,1605.705,1633.055,1619.38,1619.38,1619,0.9998,2.0,4.3,4.3,6.17,4.55
Nikon COOLPIX AW120,DSCN9093.JPG,DSCN9093_c.jpg,4608,3456,1605.705,1633.055,1619.38,1619.38,1619,0.9998,2.0,4.3,4.3,6.17,4.55
Nikon COOLPIX AW120,DSCN9094.JPG,DSCN9094_c.jpg,4608,3456,1605.705,1633.055,1619.38,1619.38,1619,0.9998,2.0,4.3,4.3,6.17,4.55
Nikon COOLPIX AW120,DSCN9095.JPG,DSCN9095_c.jpg,4608,3456,1605.705,1633.055,1619.38,1619.38,1619,0.9998,2.0,4.3,4.3,6.17,4.55
Nikon COOLPIX AW120,DSCN9096.JPG,DSCN9096_c.jpg,4608,3456,1605.705,1633.055,1619.38,1619.38,1619,0.9998,2.0,4.3,4.3,6.17,4.55
Nikon COOLPIX AW120,DSCN9097.JPG,DSCN9097_c.jpg,4608,3456,1605.705,1633.055,1619.38,1619.38,1619,0.9998,2.0,4.3,4.3,6.17,4.55
Nikon COOLPIX AW120,DSCN9098.JPG,DSCN9098_c.jpg,4608,3456,1605.705,1633.055,1619.38,1619.38,1619,0.9998,2.0,4.3,4.3,6.17,4.55
Nikon COOLPIX AW120,DSCN9099.JPG,DSCN9099_c.jpg,4608,3456,1605.705,1633.055,1619.38,1619.38,1619,0.9998,2.0,4.3,4.3,6.17,4.55
Nikon COOLPIX AW120,DSCN9100.JPG,DSCN9100_c.jpg,4608,3456,1605.705,1633.055,1619.38,1619.38,1619,0.9998,2.0,4.3,4.3,6.17,4.55
Nikon COOLPIX AW120,DSCN9101.JPG,DSCN9101_c.jpg,4608,3456,1605.705,1633.055,1619.38,1619.38,1619,0.9998,2.0,4.3,4.3,6.17,4.55
Nikon COOLPIX AW120,DSCN9102.JPG,DSCN9102_c.jpg,4608,3456,1605.705,1633.055,1619.38,1619.38,1619,0.9998,2.0,4.3,4.3,6.17,4.55
Nikon COOLPIX AW120,DSCN9103.JPG,DSCN9103_c.jpg,4608,3456,1605.705,1633.055,1619.38,1619.38,1619,0.9998,2.0,4.3,4.3,6.17,4.55
Nikon COOLPIX AW120,DSCN9104.JPG,DSCN9104_c.jpg,4608,3456,1605.705,1633.055,1619.38,1619.38,1619,0.9998,2.0,4.3,4.3,6.17,4.55
Nikon COOLPIX AW120,DSCN9105.JPG,DSCN9105_c.jpg,4608,3456,1605.705,1633.055,1619.38,1619.38,1619,0.9998,2.0,4.3,4.3,6.17,4.55
Nikon COOLPIX AW120,DSCN9106.JPG,DSCN9106_c.jpg,4608,3456,1605.705,1633.055,1619.38,1619.38,1619,0.9998,2.0,4.3,4.3,6.17,4.55
Nikon COOLPIX AW120,DSCN9107.JPG,DSCN9107_c.jpg,4608,3456,1605.705,1633.055,1619.38,1619.38,1619,0.9998,2.0,4.3,4.3,6.17,4.55
Nikon COOLPIX AW120,DSCN9108.JPG,DSCN9108_c.jpg,4608,3456,1605.705,1633.055,1619.38,1619.38,1619,0.9998,2.0,4.3,4.3,6.17,4.55
Nikon COOLPIX AW120,DSCN9109.JPG,DSCN9109_c.jpg,4608,3456,1605.705,1633.055,1619.38,1619.38,1619,0.9998,2.0,4.3,4.3,6.17,4.55
Nikon COOLPIX AW120,DSCN9110.JPG,DSCN9110_c.jpg,4608,3456,1605.705,1633.055,1619.38,1619.38,1619,0.9998,2.0,4.3,4.3,6.17,4.55
Nikon COOLPIX AW120,DSCN9111.JPG,DSCN9111_c.jpg,4608,3456,1605.705,1633.055,1619.38,1619.38,1619,0.9998,2.0,4.3,4.3,6.17,4.55
Nikon COOLPIX AW120,DSCN9112.JPG,DSCN9112_c.jpg,4608,3456,1605.705,1633.055,1619.38,1619.38,1619,0.9998,2.0,4.3,4.3,6.17,4.55
Nikon COOLPIX AW120,DSCN9113.JPG,DSCN9113_c.jpg,4608,3456,1605.705,1633.055,1619.38,1619.38,1619,0.9998,2.0,4.3,4.3,6.17,4.55
Nikon COOLPIX AW120,DSCN9114.JPG,DSCN9114_c.jpg,4608,3456,1605.705,1633.055,1619.38,1619.38,1619,0.9998,2.0,4.3,4.3,6.17,4.55
Nikon COOLPIX AW120,DSCN9115.JPG,DSCN9115_c.jpg,4608,3456,1605.705,1633.055,1619.38,1619.38,1619,0.9998,2.0,4.3,4.3,6.17,4.55
Nikon COOLPIX AW120,DSCN9116.JPG,DSCN9116_c.jpg,4608,3456,1605.705,1633.055,1619.38,1619.38,1619,0.9998,2.0,4.3,4.3,6.17,4.55
Nikon COOLPIX AW120,DSCN9117.JPG,DSCN9117_c.jpg,4608,3456,1605.705,1633.055,1619.38,1619.38,1619,0.9998,2.0,4.3,4.3,6.17,4.55
Nikon COOLPIX AW120,DSCN9118.JPG,DSCN9118_c.jpg,4608,3456,1605.705,1633.055,1619.38,1619.38,1619,0.9998,2.0,4.3,4.3,6.17,4.55
Nikon COOLPIX AW120,DSCN9119.JPG,DSCN9119_c.jpg,4608,3456,1605.705,1633.055,1619.38,1619.38,1619,0.9998,2.0,4.3,4.3,6.17,4.55
Nikon COOLPIX AW120,DSCN9120.JPG,DSCN9120_c.jpg,4608,3456,1605.705,1633.055,1619.38,1619.38,1619,0.9998,2.0,4.3,4.3,6.17,4.55
Nikon COOLPIX AW120,DSCN9121.JPG,DSCN9121_c.jpg,4608,3456,1605.705,1633.055,1619.38,1619.38,1619,0.9998,2.0,4.3,4.3,6.17,4.55
Nikon COOLPIX AW120,DSCN9122.JPG,DSCN9122_c.jpg,4608,3456,1605.705,1633.055,1619.38,1619.38,1619,0.9998,2.0,4.3,4.3,6.17,4.55
Nikon COOLPIX AW120,DSCN9123.JPG,DSCN9123_c.jpg,4608,3456,1605.705,1633.055,1619.38,1619.38,1619,0.9998,2.0,4.3,4.3,6.17,4.55
Nikon COOLPIX AW120,DSCN9124.JPG,DSCN9124_c.jpg,4608,3456,1605.705,1633.055,1619.38,1619.38,1619,0.9998,2.0,4.3,4.3,6.17,4.55
Nikon COOLPIX AW120,DSCN9125.JPG,DSCN9125_c.jpg,4608,3456,1605.705,1633.055,1619.38,1619.38,1619,0.9998,2.0,4.3,4.3,6.17,4.55
Nikon COOLPIX AW120,DSCN9126.JPG,DSCN9126_c.jpg,4608,3456,1605.705,1633.055,1619.38,1619.38,1619,0.9998,2.0,4.3,4.3,6.17,4.55
Nikon COOLPIX AW120,DSCN9127.JPG,DSCN9127_c.jpg,4608,3456,1605.705,1633.055,1619.38,1619.38,1619,0.9998,2.0,4.3,4.3,6.17,4.55
Nikon COOLPIX AW120,DSCN9128.JPG,DSCN9128_c.jpg,4608,3456,1605.705,1633.055,1619.38,1619.38,1619,0.9998,2.0,4.3,4.3,6.17,4.55
Nikon COOLPIX AW120,DSCN9129.JPG,DSCN9129_c.jpg,4608,3456,1605.705,1633.055,1619.38,1619.38,1619,0.9998,2.0,4.3,4.3,6.17,4.55
Nikon COOLPIX AW120,DSCN9130.JPG,DSCN9130_c.jpg,4608,3456,1605.705,1633.055,1619.38,1619.38,1619,0.9998,2.0,4.3,4.3,6.17,4.55
Nikon COOLPIX AW120,DSCN9131.JPG,DSCN9131_c.jpg,4608,3456,1605.705,1633.055,1619.38,1619.38,1619,0.9998,2.0,4.3,4.3,6.17,4.55
Nikon COOLPIX AW120,DSCN9132.JPG,DSCN9132_c.jpg,4608,3456,1605.705,1633.055,1619.38,1619.38,1619,0.9998,2.0,4.3,4.3,6.17,4.55
Nikon COOLPIX AW120,DSCN9133.JPG,DSCN9133_c.jpg,4608,3456,1605.705,1633.055,1619.38,1619.38,1619,0.9998,2.0,4.3,4.3,6.17,4.55
Nikon COOLPIX AW120,DSCN9134.JPG,DSCN9134_c.jpg,4608,3456,1605.705,1633.055,1619.38,1619.38,1619,0.9998,2.0,4.3,4.3,6.17,4.55
Nikon COOLPIX AW120,DSCN9135.JPG,DSCN9135_c.jpg,4608,3456,1605.705,1633.055,1619.38,1619.38,1619,0.9998,2.0,4.3,4.3,6.17,4.55
Nikon COOLPIX AW120,DSCN9136.JPG,DSCN9136_c.jpg,4608,3456,1605.705,1633.055,1619.38,1619.38,1619,0.9998,2.0,4.3,4.3,6.17,4.55
Nikon COOLPIX AW120,DSCN9137.JPG,DSCN9137_c.jpg,4608,3456,1605.705,1633.055,1619.38,1619.38,1619,0.9998,2.0,4.3,4.3,6.17,4.55
Nikon COOLPIX AW120,DSCN9138.JPG,DSCN9138_c.jpg,4608,3456,1605.705,1633.055,1619.38,1619.38,1619,0.9998,2.0,4.3,4.3,6.17,4.55
Nikon COOLPIX AW120,DSCN9139.JPG,DSCN9139_c.jpg,4608,3456,1605.705,1633.055,1619.38,1619.38,1619,0.9998,2.0,4.3,4.3,6.17,4.55
Nikon COOLPIX AW120,DSCN9140.JPG,DSCN9140_c.jpg,4608,3456,1605.705,1633.055,1619.38,1619.38,1619,0.9998,2.0,4.3,4.3,6.17,4.55
Nikon COOLPIX AW120,DSCN9141.JPG,DSCN9141_c.jpg,4608,3456,1605.705,1633.055,1619.38,1619.38,1619,0.9998,2.0,4.3,4.3,6.17,4.55
Nikon COOLPIX AW120,DSCN9142.JPG,DSCN9142_c.jpg,4608,3456,1605.705,1633.055,1619.38,1619.38,1619,0.9998,2.0,4.3,4.3,6.17,4.55
Nikon COOLPIX AW120,DSCN9143.JPG,DSCN9143_c.jpg,4608,3456,1605.705,1633.055,1619.38,1619.38,1619,0.9998,2.0,4.3,4.3,6.17,4.55
Nikon COOLPIX AW120,DSCN9144.JPG,DSCN9144_c.jpg,4608,3456,1605.705,1633.055,1619.38,1619.38,1619,0.9998,2.0,4.3,4.3,6.17,4.55
Nikon COOLPIX AW120,DSCN9145.JPG,DSCN9145_c.jpg,4608,3456,1605.705,1633.055,1619.38,1619.38,1619,0.9998,2.0,4.3,4.3,6.17,4.55
Nikon COOLPIX AW120,DSCN9146.JPG,DSCN9146_c.jpg,4608,3456,1605.705,1633.055,1619.38,1619.38,1619,0.9998,2.0,4.3,4.3,6.17,4.55
Nikon COOLPIX AW120,DSCN9147.JPG,DSCN9147_c.jpg,4608,3456,1605.705,1633.055,1619.38,1619.38,1619,0.9998,2.0,4.3,4.3,6.17,4.55
Nikon COOLPIX AW120,DSCN9148.JPG,DSCN9148_c.jpg,4608,3456,1605.705,1633.055,1619.38,1619.38,1619,0.9998,2.0,4.3,4.3,6.17,4.55
Nikon COOLPIX AW120,DSCN9149.JPG,DSCN9149_c.jpg,4608,3456,1605.705,1633.055,1619.38,1619.38,1619,0.9998,2.0,4.3,4.3,6.17,4.55
Nikon COOLPIX AW120,DSCN9150.JPG,DSCN9150_c.jpg,4608,3456,1605.705,1633.055,1619.38,1619.38,1619,0.9998,2.0,4.3,4.3,6.17,4.55
Nikon COOLPIX AW120,DSCN9151.JPG,DSCN9151_c.jpg,4608,3456,1605.705,1633.055,1619.38,1619.38,1619,0.9998,2.0,4.3,4.3,6.17,4.55
Nikon COOLPIX AW120,DSCN9152.JPG,DSCN9152_c.jpg,4608,3456,1605.705,1633.055,1619.38,1619.38,1619,0.9998,2.0,4.3,4.3,6.17,4.55
Nikon COOLPIX AW120,DSCN9153.JPG,DSCN9153_c.jpg,4608,3456,1605.705,1633.055,1619.38,1619.38,1619,0.9998,2.0,4.3,4.3,6.17,4.55
Nikon COOLPIX AW120,DSCN9154.JPG,DSCN9154_c.jpg,4608,3456,1605.705,1633.055,1619.38,1619.38,1619,0.9998,2.0,4.3,4.3,6.17,4.55
Nikon COOLPIX AW120,DSCN9155.JPG,DSCN9155_c.jpg,4608,3456,1605.705,1633.055,1619.38,1619.38,1619,0.9998,2.0,4.3,4.3,6.17,4.55
Nikon COOLPIX AW120,DSCN9156.JPG,DSCN9156_c.jpg,4608,3456,1605.705,1633.055,1619.38,1619.38,1619,0.9998,2.0,4.3,4.3,6.17,4.55
Nikon COOLPIX AW120,DSCN9157.JPG,DSCN9157_c.jpg,4608,3456,1605.705,1633.055,1619.38,1619.38,1619,0.9998,2.0,4.3,4.3,6.17,4.55
Nikon COOLPIX AW120,DSCN9158.JPG,DSCN9158_c.jpg,4608,3456,1605.705,1633.055,1619.38,1619.38,1619,0.9998,2.0,4.3,4.3,6.17,4.55
Nikon COOLPIX AW120,DSCN9160.JPG,DSCN9160_c.jpg,4608,3456,1605.705,1633.055,1619.38,1619.38,1619,0.9998,2.0,4.3,4.3,6.17,4.55
Nikon COOLPIX AW120,DSCN9161.JPG,DSCN9161_c.jpg,4608,3456,1605.705,1633.055,1619.38,1619.38,1619,0.9998,2.0,4.3,4.3,6.17,4.55
Nikon COOLPIX AW120,DSCN9162.JPG,DSCN9162_c.jpg,4608,3456,1605.705,1633.055,1619.38,1619.38,1619,0.9998,2.0,4.3,4.3,6.17,4.55
Nikon COOLPIX AW120,DSCN9163.JPG,DSCN9163_c.jpg,4608,3456,1605.705,1633.055,1619.38,1619.38,1619,0.9998,2.0,4.3,4.3,6.17,4.55
Nikon COOLPIX AW120,DSCN9164.JPG,DSCN9164_c.jpg,4608,3456,1605.705,1633.055,1619.38,1619.38,1619,0.9998,2.0,4.3,4.3,6.17,4.55
Nikon COOLPIX AW120,DSCN9165.JPG,DSCN9165_c.jpg,4608,3456,1605.705,1633.055,1619.38,1619.38,1619,0.9998,2.0,4.3,4.3,6.17,4.55
Nikon COOLPIX AW120,DSCN9166.JPG,DSCN9166_c.jpg,4608,3456,1605.705,1633.055,1619.38,1619.38,1619,0.9998,2.0,4.3,4.3,6.17,4.55
Nikon COOLPIX AW120,DSCN9167.JPG,DSCN9167_c.jpg,4608,3456,1605.705,1633.055,1619.38,1619.38,1619,0.9998,2.0,4.3,4.3,6.17,4.55
Nikon COOLPIX AW120,DSCN9168.JPG,DSCN9168_c.jpg,4608,3456,1605.705,1633.055,1619.38,1619.38,1619,0.9998,2.0,4.3,4.3,6.17,4.55
Nikon COOLPIX AW120,DSCN9169.JPG,DSCN9169_c.jpg,4608,3456,1605.705,1633.055,1619.38,1619.38,1619,0.9998,2.0,4.3,4.3,6.17,4.55
Nikon COOLPIX AW120,DSCN9170.JPG,DSCN9170_c.jpg,4608,3456,1605.705,1633.055,1619.38,1619.38,1619,0.9998,2.0,4.3,4.3,6.17,4.55
Nikon COOLPIX AW120,DSCN9171.JPG,DSCN9171_c.jpg,4608,3456,1605.705,1633.055,1619.38,1619.38,1619,0.9998,2.0,4.3,4.3,6.17,4.55
Nikon COOLPIX AW120,DSCN9172.JPG,DSCN9172_c.jpg,4608,3456,1605.705,1633.055,1619.38,1619.38,1619,0.9998,2.0,4.3,4.3,6.17,4.55
Nikon COOLPIX AW120,DSCN9173.JPG,DSCN9173_c.jpg,4608,3456,1605.705,1633.055,1619.38,1619.38,1619,0.9998,2.0,4.3,4.3,6.17,4.55
